,w1,w2,freq,w1_freq,w1_ratio,w2_freq,w2_ratio,jaccard
1158,n角形,頂点,1,1,0.020833333333333332,1,0.020833333333333332,1.0
329,ax+by+c=0,組,2,2,0.041666666666666664,2,0.041666666666666664,1.0
1081,結果,違い,1,1,0.020833333333333332,1,0.020833333333333332,1.0
1079,工夫,違い,1,1,0.020833333333333332,1,0.020833333333333332,1.0
1078,活動,違い,1,1,0.020833333333333332,1,0.020833333333333332,1.0
1076,内容,原因,1,1,0.020833333333333332,1,0.020833333333333332,1.0
1075,内容,結果,1,1,0.020833333333333332,1,0.020833333333333332,1.0
1073,内容,工夫,1,1,0.020833333333333332,1,0.020833333333333332,1.0
250,ak,k,1,1,0.020833333333333332,1,0.020833333333333332,1.0
1072,内容,活動,1,1,0.020833333333333332,1,0.020833333333333332,1.0
1070,内容,違い,1,1,0.020833333333333332,1,0.020833333333333332,1.0
260,一般,定数,1,1,0.020833333333333332,1,0.020833333333333332,1.0
1045,原因,比較,1,1,0.020833333333333332,1,0.020833333333333332,1.0
1044,比較,結果,1,1,0.020833333333333332,1,0.020833333333333332,1.0
1042,工夫,比較,1,1,0.020833333333333332,1,0.020833333333333332,1.0
392,解,連立二元一次方程式,2,2,0.041666666666666664,2,0.041666666666666664,1.0
1041,比較,活動,1,1,0.020833333333333332,1,0.020833333333333332,1.0
1039,比較,違い,1,1,0.020833333333333332,1,0.020833333333333332,1.0
1038,内容,比較,1,1,0.020833333333333332,1,0.020833333333333332,1.0
1024,原因,検討,1,1,0.020833333333333332,1,0.020833333333333332,1.0
1023,検討,結果,1,1,0.020833333333333332,1,0.020833333333333332,1.0
1021,工夫,検討,1,1,0.020833333333333332,1,0.020833333333333332,1.0
1020,検討,活動,1,1,0.020833333333333332,1,0.020833333333333332,1.0
1018,検討,違い,1,1,0.020833333333333332,1,0.020833333333333332,1.0
1017,内容,検討,1,1,0.020833333333333332,1,0.020833333333333332,1.0
372,y=(1/2)x+3,変形,1,1,0.020833333333333332,1,0.020833333333333332,1.0
374,x-2y+6=0,変形,1,1,0.020833333333333332,1,0.020833333333333332,1.0
380,x-2y+6=0,y=(1/2)x+3,1,1,0.020833333333333332,1,0.020833333333333332,1.0
1082,原因,違い,1,1,0.020833333333333332,1,0.020833333333333332,1.0
1088,工夫,活動,1,1,0.020833333333333332,1,0.020833333333333332,1.0
222,入り口,着目,1,1,0.020833333333333332,1,0.020833333333333332,1.0
1090,活動,結果,1,1,0.020833333333333332,1,0.020833333333333332,1.0
1138,n,頂点,1,1,0.020833333333333332,1,0.020833333333333332,1.0
1134,n,内角,1,1,0.020833333333333332,1,0.020833333333333332,1.0
1133,n,和,1,1,0.020833333333333332,1,0.020833333333333332,1.0
1132,n角形,図形,1,1,0.020833333333333332,1,0.020833333333333332,1.0
1131,図形,頂点,1,1,0.020833333333333332,1,0.020833333333333332,1.0
1127,内角,図形,1,1,0.020833333333333332,1,0.020833333333333332,1.0
1126,和,図形,1,1,0.020833333333333332,1,0.020833333333333332,1.0
1125,n,図形,1,1,0.020833333333333332,1,0.020833333333333332,1.0
1118,n角形,多角形,1,1,0.020833333333333332,1,0.020833333333333332,1.0
1117,多角形,頂点,1,1,0.020833333333333332,1,0.020833333333333332,1.0
1113,内角,多角形,1,1,0.020833333333333332,1,0.020833333333333332,1.0
1112,和,多角形,1,1,0.020833333333333332,1,0.020833333333333332,1.0
1111,n,多角形,1,1,0.020833333333333332,1,0.020833333333333332,1.0
1110,図形,多角形,1,1,0.020833333333333332,1,0.020833333333333332,1.0
1108,n角形,三角形,1,1,0.020833333333333332,1,0.020833333333333332,1.0
1107,三角形,頂点,1,1,0.020833333333333332,1,0.020833333333333332,1.0
1103,三角形,内角,1,1,0.020833333333333332,1,0.020833333333333332,1.0
1102,三角形,和,1,1,0.020833333333333332,1,0.020833333333333332,1.0
1101,n,三角形,1,1,0.020833333333333332,1,0.020833333333333332,1.0
1100,三角形,図形,1,1,0.020833333333333332,1,0.020833333333333332,1.0
1098,三角形,多角形,1,1,0.020833333333333332,1,0.020833333333333332,1.0
1097,原因,結果,1,1,0.020833333333333332,1,0.020833333333333332,1.0
1094,原因,工夫,1,1,0.020833333333333332,1,0.020833333333333332,1.0
1093,工夫,結果,1,1,0.020833333333333332,1,0.020833333333333332,1.0
1091,原因,活動,1,1,0.020833333333333332,1,0.020833333333333332,1.0
1013,検討,比較,1,1,0.020833333333333332,1,0.020833333333333332,1.0
1010,手立て,結果,1,1,0.020833333333333332,1,0.020833333333333332,1.0
1140,内角,和,1,1,0.020833333333333332,1,0.020833333333333332,1.0
649,y座標,y軸,1,1,0.020833333333333332,1,0.020833333333333332,1.0
607,増減,正,1,1,0.020833333333333332,1,0.020833333333333332,1.0
610,正,負,1,1,0.020833333333333332,1,0.020833333333333332,1.0
611,傾き,正,1,1,0.020833333333333332,1,0.020833333333333332,1.0
618,増減,負,1,1,0.020833333333333332,1,0.020833333333333332,1.0
619,傾き,増減,1,1,0.020833333333333332,1,0.020833333333333332,1.0
625,傾き,負,1,1,0.020833333333333332,1,0.020833333333333332,1.0
886,データ,一直線,1,1,0.020833333333333332,1,0.020833333333333332,1.0
883,一直線,加熱,1,1,0.020833333333333332,1,0.020833333333333332,1.0
878,一直線,熱量,1,1,0.020833333333333332,1,0.020833333333333332,1.0
637,x=0,y軸,1,1,0.020833333333333332,1,0.020833333333333332,1.0
638,x=0,y座標,1,1,0.020833333333333332,1,0.020833333333333332,1.0
877,一直線,点,1,1,0.020833333333333332,1,0.020833333333333332,1.0
659,大切,適切,2,2,0.041666666666666664,2,0.041666666666666664,1.0
1008,工夫,手立て,1,1,0.020833333333333332,1,0.020833333333333332,1.0
682,形式,計算,1,1,0.020833333333333332,1,0.020833333333333332,1.0
684,存在,社会,1,1,0.020833333333333332,1,0.020833333333333332,1.0
685,日常,社会,1,1,0.020833333333333332,1,0.020833333333333332,1.0
689,存在,日常,1,1,0.020833333333333332,1,0.020833333333333332,1.0
844,単純,理想,2,2,0.041666666666666664,2,0.041666666666666664,1.0
697,問題,目的,2,2,0.041666666666666664,2,0.041666666666666664,1.0
723,的確,選択,1,1,0.020833333333333332,1,0.020833333333333332,1.0
727,解決,選択,1,1,0.020833333333333332,1,0.020833333333333332,1.0
735,的確,解決,1,1,0.020833333333333332,1,0.020833333333333332,1.0
759,操作,様子,1,1,0.020833333333333332,1,0.020833333333333332,1.0
760,様子,観察,1,1,0.020833333333333332,1,0.020833333333333332,1.0
774,操作,観察,1,1,0.020833333333333332,1,0.020833333333333332,1.0
911,点,熱量,1,1,0.020833333333333332,1,0.020833333333333332,1.0
916,加熱,点,1,1,0.020833333333333332,1,0.020833333333333332,1.0
919,データ,点,1,1,0.020833333333333332,1,0.020833333333333332,1.0
926,加熱,熱量,1,1,0.020833333333333332,1,0.020833333333333332,1.0
1007,手立て,活動,1,1,0.020833333333333332,1,0.020833333333333332,1.0
1005,手立て,違い,1,1,0.020833333333333332,1,0.020833333333333332,1.0
1004,内容,手立て,1,1,0.020833333333333332,1,0.020833333333333332,1.0
1000,手立て,比較,1,1,0.020833333333333332,1,0.020833333333333332,1.0
998,手立て,検討,1,1,0.020833333333333332,1,0.020833333333333332,1.0
997,お,原因,1,1,0.020833333333333332,1,0.020833333333333332,1.0
996,お,結果,1,1,0.020833333333333332,1,0.020833333333333332,1.0
994,お,工夫,1,1,0.020833333333333332,1,0.020833333333333332,1.0
441,比,減少,1,1,0.020833333333333332,1,0.020833333333333332,1.0
993,お,活動,1,1,0.020833333333333332,1,0.020833333333333332,1.0
991,お,違い,1,1,0.020833333333333332,1,0.020833333333333332,1.0
990,お,内容,1,1,0.020833333333333332,1,0.020833333333333332,1.0
986,お,比較,1,1,0.020833333333333332,1,0.020833333333333332,1.0
984,お,検討,1,1,0.020833333333333332,1,0.020833333333333332,1.0
983,お,手立て,1,1,0.020833333333333332,1,0.020833333333333332,1.0
475,割合,増加量,1,1,0.020833333333333332,1,0.020833333333333332,1.0
971,温度,説明,1,1,0.020833333333333332,1,0.020833333333333332,1.0
503,y1,y2,1,1,0.020833333333333332,1,0.020833333333333332,1.0
504,x2,y2,1,1,0.020833333333333332,1,0.020833333333333332,1.0
505,x1,y2,1,1,0.020833333333333332,1,0.020833333333333332,1.0
516,x2,y1,1,1,0.020833333333333332,1,0.020833333333333332,1.0
517,x1,y1,1,1,0.020833333333333332,1,0.020833333333333332,1.0
952,データ,加熱,1,1,0.020833333333333332,1,0.020833333333333332,1.0
522,x1,x2,1,1,0.020833333333333332,1,0.020833333333333332,1.0
929,データ,熱量,1,1,0.020833333333333332,1,0.020833333333333332,1.0
1139,n,n角形,1,1,0.020833333333333332,1,0.020833333333333332,1.0
1011,原因,手立て,1,1,0.020833333333333332,1,0.020833333333333332,1.0
3,技能,知識,1,1,0.020833333333333332,1,0.020833333333333332,1.0
1149,内角,頂点,1,1,0.020833333333333332,1,0.020833333333333332,1.0
1144,和,頂点,1,1,0.020833333333333332,1,0.020833333333333332,1.0
1145,n角形,和,1,1,0.020833333333333332,1,0.020833333333333332,1.0
2,事項,数学的活動,1,1,0.020833333333333332,1,0.020833333333333332,1.0
1150,n角形,内角,1,1,0.020833333333333332,1,0.020833333333333332,1.0
226,x,y,8,8,0.16666666666666666,10,0.20833333333333334,0.8
244,y,値,7,10,0.20833333333333334,7,0.14583333333333334,0.7
861,時間,水温,2,3,0.0625,2,0.041666666666666664,0.6666666666666666
82,反比例,比例,4,4,0.08333333333333333,6,0.125,0.6666666666666666
808,予測,根拠,2,3,0.0625,2,0.041666666666666664,0.6666666666666666
860,時間,水,2,3,0.0625,2,0.041666666666666664,0.6666666666666666
60,変化,対応,8,10,0.20833333333333334,11,0.22916666666666666,0.6153846153846154
34,変化,数量,7,10,0.20833333333333334,9,0.1875,0.5833333333333334
70,事象,具体,8,14,0.2916666666666667,8,0.16666666666666666,0.5714285714285714
27,特徴,表,4,5,0.10416666666666667,6,0.125,0.5714285714285714
38,対応,数量,7,11,0.22916666666666666,9,0.1875,0.5384615384615384
835,実験,理想,2,4,0.08333333333333333,2,0.041666666666666664,0.5
879,一直線,水温,1,1,0.020833333333333332,2,0.041666666666666664,0.5
975,水,説明,1,2,0.041666666666666664,1,0.020833333333333332,0.5
1089,活動,領域,1,1,0.020833333333333332,2,0.041666666666666664,0.5
970,水,温度,1,2,0.041666666666666664,1,0.020833333333333332,0.5
220,入り口,文字,1,1,0.020833333333333332,2,0.041666666666666664,0.5
218,文字,着目,1,2,0.041666666666666664,1,0.020833333333333332,0.5
692,意識,目的,1,1,0.020833333333333332,2,0.041666666666666664,0.5
1043,比較,領域,1,1,0.020833333333333332,2,0.041666666666666664,0.5
9,判断,思考,1,2,0.041666666666666664,1,0.020833333333333332,0.5
539,(y2-y1)/(x2-x1),一定,1,1,0.020833333333333332,2,0.041666666666666664,0.5
995,お,領域,1,1,0.020833333333333332,2,0.041666666666666664,0.5
480,仕方,割合,1,2,0.041666666666666664,1,0.020833333333333332,0.5
327,条件,組,1,1,0.020833333333333332,2,0.041666666666666664,0.5
871,作成,水温,1,1,0.020833333333333332,2,0.041666666666666664,0.5
836,単純,実験,2,2,0.041666666666666664,4,0.08333333333333333,0.5
483,割合,明確,1,1,0.020833333333333332,2,0.041666666666666664,0.5
407,交点,座標平面,1,2,0.041666666666666664,1,0.020833333333333332,0.5
1096,原因,領域,1,1,0.020833333333333332,2,0.041666666666666664,0.5
1092,工夫,領域,1,1,0.020833333333333332,2,0.041666666666666664,0.5
1157,n角形,領域,1,1,0.020833333333333332,2,0.041666666666666664,0.5
702,意識,明確,1,1,0.020833333333333332,2,0.041666666666666664,0.5
1095,結果,領域,1,1,0.020833333333333332,2,0.041666666666666664,0.5
703,問題,意識,1,2,0.041666666666666664,1,0.020833333333333332,0.5
704,対象,意識,1,2,0.041666666666666664,1,0.020833333333333332,0.5
639,b,x=0,1,2,0.041666666666666664,1,0.020833333333333332,0.5
918,点,理想,1,1,0.020833333333333332,2,0.041666666666666664,0.5
474,増加量,明確,1,1,0.020833333333333332,2,0.041666666666666664,0.5
247,x,値,5,8,0.16666666666666666,7,0.14583333333333334,0.5
418,視覚,連立二元一次方程式,1,1,0.020833333333333332,2,0.041666666666666664,0.5
651,y軸,交点,1,1,0.020833333333333332,2,0.041666666666666664,0.5
650,b,y軸,1,2,0.041666666666666664,1,0.020833333333333332,0.5
444,増加,減少,1,2,0.041666666666666664,1,0.020833333333333332,0.5
259,b,定数,1,2,0.041666666666666664,1,0.020833333333333332,0.5
670,大切,形式,1,2,0.041666666666666664,1,0.020833333333333332,0.5
922,水温,熱量,1,2,0.041666666666666664,1,0.020833333333333332,0.5
671,大切,計算,1,2,0.041666666666666664,1,0.020833333333333332,0.5
571,係数,増加,1,1,0.020833333333333332,2,0.041666666666666664,0.5
920,単純,点,1,2,0.041666666666666664,1,0.020833333333333332,0.5
1148,内角,領域,1,1,0.020833333333333332,2,0.041666666666666664,0.5
455,増加,比,1,2,0.041666666666666664,1,0.020833333333333332,0.5
1009,手立て,領域,1,1,0.020833333333333332,2,0.041666666666666664,0.5
925,一定,熱量,1,2,0.041666666666666664,1,0.020833333333333332,0.5
1156,頂点,領域,1,1,0.020833333333333332,2,0.041666666666666664,0.5
1074,内容,領域,1,1,0.020833333333333332,2,0.041666666666666664,0.5
665,計算,適切,1,1,0.020833333333333332,2,0.041666666666666664,0.5
640,x=0,交点,1,1,0.020833333333333332,2,0.041666666666666664,0.5
664,形式,適切,1,1,0.020833333333333332,2,0.041666666666666664,0.5
928,熱量,理想,1,1,0.020833333333333332,2,0.041666666666666664,0.5
930,単純,熱量,1,2,0.041666666666666664,1,0.020833333333333332,0.5
440,仕方,減少,1,2,0.041666666666666664,1,0.020833333333333332,0.5
868,作成,水,1,1,0.020833333333333332,2,0.041666666666666664,0.5
934,加熱,水温,1,1,0.020833333333333332,2,0.041666666666666664,0.5
936,データ,水温,1,1,0.020833333333333332,2,0.041666666666666664,0.5
333,対象,条件,1,2,0.041666666666666664,1,0.020833333333333332,0.5
1080,違い,領域,1,1,0.020833333333333332,2,0.041666666666666664,0.5
473,仕方,増加量,1,2,0.041666666666666664,1,0.020833333333333332,0.5
406,座標,座標平面,1,2,0.041666666666666664,1,0.020833333333333332,0.5
447,仕方,比,1,2,0.041666666666666664,1,0.020833333333333332,0.5
1116,多角形,領域,1,1,0.020833333333333332,2,0.041666666666666664,0.5
745,解決,適切,1,1,0.020833333333333332,2,0.041666666666666664,0.5
624,傾き,判断,1,1,0.020833333333333332,2,0.041666666666666664,0.5
623,判断,負,1,2,0.041666666666666664,1,0.020833333333333332,0.5
741,目的,解決,1,2,0.041666666666666664,1,0.020833333333333332,0.5
282,b,一般,1,2,0.041666666666666664,1,0.020833333333333332,0.5
654,y座標,交点,1,1,0.020833333333333332,2,0.041666666666666664,0.5
334,ax+by+c=0,条件,1,2,0.041666666666666664,1,0.020833333333333332,0.5
947,データ,一定,1,1,0.020833333333333332,2,0.041666666666666664,0.5
951,加熱,理想,1,1,0.020833333333333332,2,0.041666666666666664,0.5
770,単純,様子,1,2,0.041666666666666664,1,0.020833333333333332,0.5
958,データ,理想,1,1,0.020833333333333332,2,0.041666666666666664,0.5
617,判断,増減,1,2,0.041666666666666664,1,0.020833333333333332,0.5
393,座標平面,連立二元一次方程式,1,1,0.020833333333333332,2,0.041666666666666664,0.5
421,意味,視覚,1,2,0.041666666666666664,1,0.020833333333333332,0.5
869,実験,水温,2,4,0.08333333333333333,2,0.041666666666666664,0.5
797,単純,観察,1,2,0.041666666666666664,1,0.020833333333333332,0.5
1022,検討,領域,1,1,0.020833333333333332,2,0.041666666666666664,0.5
751,問題,解決,1,2,0.041666666666666664,1,0.020833333333333332,0.5
796,理想,観察,1,2,0.041666666666666664,1,0.020833333333333332,0.5
753,大切,解決,1,2,0.041666666666666664,1,0.020833333333333332,0.5
769,様子,理想,1,1,0.020833333333333332,2,0.041666666666666664,0.5
1130,図形,領域,1,1,0.020833333333333332,2,0.041666666666666664,0.5
609,判断,正,1,2,0.041666666666666664,1,0.020833333333333332,0.5
1143,和,領域,1,1,0.020833333333333332,2,0.041666666666666664,0.5
953,加熱,単純,1,1,0.020833333333333332,2,0.041666666666666664,0.5
789,根拠,観察,1,2,0.041666666666666664,1,0.020833333333333332,0.5
1137,n,領域,1,1,0.020833333333333332,2,0.041666666666666664,0.5
739,大切,的確,1,2,0.041666666666666664,1,0.020833333333333332,0.5
162,変域,座標,1,1,0.020833333333333332,2,0.041666666666666664,0.5
776,操作,根拠,1,1,0.020833333333333332,2,0.041666666666666664,0.5
959,データ,単純,1,1,0.020833333333333332,2,0.041666666666666664,0.5
882,一定,一直線,1,2,0.041666666666666664,1,0.020833333333333332,0.5
420,視覚,解,1,1,0.020833333333333332,2,0.041666666666666664,0.5
915,一定,点,1,2,0.041666666666666664,1,0.020833333333333332,0.5
964,根拠,説明,1,2,0.041666666666666664,1,0.020833333333333332,0.5
783,操作,理想,1,1,0.020833333333333332,2,0.041666666666666664,0.5
402,座標平面,解,1,1,0.020833333333333332,2,0.041666666666666664,0.5
962,根拠,温度,1,2,0.041666666666666664,1,0.020833333333333332,0.5
724,目的,選択,1,2,0.041666666666666664,1,0.020833333333333332,0.5
725,適切,選択,1,2,0.041666666666666664,1,0.020833333333333332,0.5
1106,三角形,領域,1,1,0.020833333333333332,2,0.041666666666666664,0.5
737,問題,的確,1,2,0.041666666666666664,1,0.020833333333333332,0.5
885,一直線,理想,1,1,0.020833333333333332,2,0.041666666666666664,0.5
784,単純,操作,1,2,0.041666666666666664,1,0.020833333333333332,0.5
729,問題,選択,1,2,0.041666666666666664,1,0.020833333333333332,0.5
653,b,y座標,1,2,0.041666666666666664,1,0.020833333333333332,0.5
731,大切,選択,1,2,0.041666666666666664,1,0.020833333333333332,0.5
732,的確,目的,1,1,0.020833333333333332,2,0.041666666666666664,0.5
733,的確,適切,1,1,0.020833333333333332,2,0.041666666666666664,0.5
912,水温,点,1,2,0.041666666666666664,1,0.020833333333333332,0.5
887,一直線,単純,1,1,0.020833333333333332,2,0.041666666666666664,0.5
349,b≠0,組,1,1,0.020833333333333332,2,0.041666666666666664,0.5
944,一定,加熱,1,2,0.041666666666666664,1,0.020833333333333332,0.5
350,ax+by+c=0,b≠0,1,2,0.041666666666666664,1,0.020833333333333332,0.5
762,根拠,様子,1,2,0.041666666666666664,1,0.020833333333333332,0.5
40,考察,表現,8,16,0.3333333333333333,11,0.22916666666666666,0.42105263157894735
74,具体,数量,5,8,0.16666666666666666,9,0.1875,0.4166666666666667
825,予測,実験,2,3,0.0625,4,0.08333333333333333,0.4
862,実験,時間,2,4,0.08333333333333333,3,0.0625,0.4
24,特徴,相互,2,5,0.10416666666666667,2,0.041666666666666664,0.4
77,具体,変化,5,8,0.16666666666666666,10,0.20833333333333334,0.38461538461538464
12,グラフ,特徴,5,13,0.2708333333333333,5,0.10416666666666667,0.38461538461538464
71,事象,考察,8,14,0.2916666666666667,16,0.3333333333333333,0.36363636363636365
80,具体,対応,5,8,0.16666666666666666,11,0.22916666666666666,0.35714285714285715
18,グラフ,表,5,13,0.2708333333333333,6,0.125,0.35714285714285715
91,事象,数量,6,14,0.2916666666666667,9,0.1875,0.35294117647058826
1050,予測,工夫,1,3,0.0625,1,0.020833333333333332,0.3333333333333333
1052,予測,結果,1,3,0.0625,1,0.020833333333333332,0.3333333333333333
1053,予測,原因,1,3,0.0625,1,0.020833333333333332,0.3333333333333333
422,意味,解,1,2,0.041666666666666664,2,0.041666666666666664,0.3333333333333333
419,意味,連立二元一次方程式,1,2,0.041666666666666664,2,0.041666666666666664,0.3333333333333333
328,対象,組,1,2,0.041666666666666664,2,0.041666666666666664,0.3333333333333333
904,時間,熱量,1,3,0.0625,1,0.020833333333333332,0.3333333333333333
338,ax+by+c=0,対象,1,2,0.041666666666666664,2,0.041666666666666664,0.3333333333333333
62,式,表,5,14,0.2916666666666667,6,0.125,0.3333333333333333
599,直線,負,1,3,0.0625,1,0.020833333333333332,0.3333333333333333
600,傾き,直線,1,1,0.020833333333333332,3,0.0625,0.3333333333333333
595,正,直線,1,1,0.020833333333333332,3,0.0625,0.3333333333333333
68,具体,考察,6,8,0.16666666666666666,16,0.3333333333333333,0.3333333333333333
394,座標,連立二元一次方程式,1,2,0.041666666666666664,2,0.041666666666666664,0.3333333333333333
395,交点,連立二元一次方程式,1,2,0.041666666666666664,2,0.041666666666666664,0.3333333333333333
398,座標平面,直線,1,1,0.020833333333333332,3,0.0625,0.3333333333333333
1035,予測,比較,1,3,0.0625,1,0.020833333333333332,0.3333333333333333
403,座標,解,1,2,0.041666666666666664,2,0.041666666666666664,0.3333333333333333
57,変化,表,4,10,0.20833333333333334,6,0.125,0.3333333333333333
404,交点,解,1,2,0.041666666666666664,2,0.041666666666666664,0.3333333333333333
75,具体,反比例,3,8,0.16666666666666666,4,0.08333333333333333,0.3333333333333333
409,交点,座標,1,2,0.041666666666666664,2,0.041666666666666664,0.3333333333333333
318,変数,条件,1,3,0.0625,1,0.020833333333333332,0.3333333333333333
903,時間,点,1,3,0.0625,1,0.020833333333333332,0.3333333333333333
1047,予測,内容,1,3,0.0625,1,0.020833333333333332,0.3333333333333333
1048,予測,違い,1,3,0.0625,1,0.020833333333333332,0.3333333333333333
876,一直線,時間,1,1,0.020833333333333332,3,0.0625,0.3333333333333333
1049,予測,活動,1,3,0.0625,1,0.020833333333333332,0.3333333333333333
907,加熱,時間,1,1,0.020833333333333332,3,0.0625,0.3333333333333333
519,y1,変数,1,1,0.020833333333333332,3,0.0625,0.3333333333333333
656,b,交点,1,2,0.041666666666666664,2,0.041666666666666664,0.3333333333333333
160,変域,変数,1,1,0.020833333333333332,3,0.0625,0.3333333333333333
696,明確,目的,1,2,0.041666666666666664,2,0.041666666666666664,0.3333333333333333
698,対象,目的,1,2,0.041666666666666664,2,0.041666666666666664,0.3333333333333333
479,仕方,明確,1,2,0.041666666666666664,2,0.041666666666666664,0.3333333333333333
972,予測,温度,1,3,0.0625,1,0.020833333333333332,0.3333333333333333
967,時間,説明,1,3,0.0625,1,0.020833333333333332,0.3333333333333333
966,時間,温度,1,3,0.0625,1,0.020833333333333332,0.3333333333333333
714,対象,明確,1,2,0.041666666666666664,2,0.041666666666666664,0.3333333333333333
715,問題,対象,1,2,0.041666666666666664,2,0.041666666666666664,0.3333333333333333
813,単純,根拠,1,2,0.041666666666666664,2,0.041666666666666664,0.3333333333333333
812,根拠,理想,1,2,0.041666666666666664,2,0.041666666666666664,0.3333333333333333
963,根拠,水,1,2,0.041666666666666664,2,0.041666666666666664,0.3333333333333333
740,目的,適切,1,2,0.041666666666666664,2,0.041666666666666664,0.3333333333333333
935,水温,理想,1,2,0.041666666666666664,2,0.041666666666666664,0.3333333333333333
744,大切,目的,1,2,0.041666666666666664,2,0.041666666666666664,0.3333333333333333
946,一定,理想,1,2,0.041666666666666664,2,0.041666666666666664,0.3333333333333333
507,y2,変数,1,1,0.020833333333333332,3,0.0625,0.3333333333333333
528,x1,変数,1,1,0.020833333333333332,3,0.0625,0.3333333333333333
747,問題,適切,1,2,0.041666666666666664,2,0.041666666666666664,0.3333333333333333
757,問題,大切,1,2,0.041666666666666664,2,0.041666666666666664,0.3333333333333333
948,一定,単純,1,2,0.041666666666666664,2,0.041666666666666664,0.3333333333333333
792,予測,観察,1,3,0.0625,1,0.020833333333333332,0.3333333333333333
765,予測,様子,1,3,0.0625,1,0.020833333333333332,0.3333333333333333
524,x2,変数,1,1,0.020833333333333332,3,0.0625,0.3333333333333333
779,予測,操作,1,3,0.0625,1,0.020833333333333332,0.3333333333333333
937,単純,水温,1,2,0.041666666666666664,2,0.041666666666666664,0.3333333333333333
713,問題,明確,1,2,0.041666666666666664,2,0.041666666666666664,0.3333333333333333
933,一定,水温,1,2,0.041666666666666664,2,0.041666666666666664,0.3333333333333333
1014,予測,検討,1,3,0.0625,1,0.020833333333333332,0.3333333333333333
1001,予測,手立て,1,3,0.0625,1,0.020833333333333332,0.3333333333333333
909,データ,時間,1,1,0.020833333333333332,3,0.0625,0.3333333333333333
48,相互,表,2,2,0.041666666666666664,6,0.125,0.3333333333333333
264,a,y=ax+b,2,4,0.08333333333333333,4,0.08333333333333333,0.3333333333333333
450,仕方,増加,1,2,0.041666666666666664,2,0.041666666666666664,0.3333333333333333
979,予測,説明,1,3,0.0625,1,0.020833333333333332,0.3333333333333333
865,水,水温,1,2,0.041666666666666664,2,0.041666666666666664,0.3333333333333333
1067,関数,領域,2,6,0.125,2,0.041666666666666664,0.3333333333333333
864,作成,時間,1,1,0.020833333333333332,3,0.0625,0.3333333333333333
597,増減,直線,1,1,0.020833333333333332,3,0.0625,0.3333333333333333
987,お,予測,1,1,0.020833333333333332,3,0.0625,0.3333333333333333
53,表,表現,4,6,0.125,11,0.22916666666666666,0.3076923076923077
63,対応,表,4,11,0.22916666666666666,6,0.125,0.3076923076923077
838,実験,関係,3,4,0.08333333333333333,9,0.1875,0.3
97,反比例,関数関係,3,4,0.08333333333333333,9,0.1875,0.3
92,数量,関数関係,4,9,0.1875,9,0.1875,0.2857142857142857
20,グラフ,式,6,13,0.2708333333333333,14,0.2916666666666667,0.2857142857142857
313,ax+by+c=0,値,2,2,0.041666666666666664,7,0.14583333333333334,0.2857142857142857
45,対応,考察,6,11,0.22916666666666666,16,0.3333333333333333,0.2857142857142857
310,値,組,2,7,0.14583333333333334,2,0.041666666666666664,0.2857142857142857
94,反比例,理解,3,4,0.08333333333333333,10,0.20833333333333334,0.2727272727272727
73,具体,比例,3,8,0.16666666666666666,6,0.125,0.2727272727272727
29,式,特徴,4,14,0.2916666666666667,5,0.10416666666666667,0.26666666666666666
105,事象,変化,5,14,0.2916666666666667,10,0.20833333333333334,0.2631578947368421
511,x2,y=ax+b,1,1,0.020833333333333332,4,0.08333333333333333,0.25
592,y=ax+b,負,1,4,0.08333333333333333,1,0.020833333333333332,0.25
913,実験,点,1,4,0.08333333333333333,1,0.020833333333333332,0.25
593,y=ax+b,傾き,1,4,0.08333333333333333,1,0.020833333333333332,0.25
910,単純,時間,1,2,0.041666666666666664,3,0.0625,0.25
976,予測,水,1,3,0.0625,2,0.041666666666666664,0.25
512,x1,y=ax+b,1,1,0.020833333333333332,4,0.08333333333333333,0.25
543,意味,直線,1,2,0.041666666666666664,3,0.0625,0.25
384,x-2y+6=0,二元一次方程式,1,1,0.020833333333333332,4,0.08333333333333333,0.25
391,直線,連立二元一次方程式,1,3,0.0625,2,0.041666666666666664,0.25
906,一定,時間,1,2,0.041666666666666664,3,0.0625,0.25
35,数量,表,3,9,0.1875,6,0.125,0.25
381,y=(1/2)x+3,二元一次方程式,1,1,0.020833333333333332,4,0.08333333333333333,0.25
1002,実験,手立て,1,4,0.08333333333333333,1,0.020833333333333332,0.25
590,y=ax+b,増減,1,4,0.08333333333333333,1,0.020833333333333332,0.25
31,数量,考察,5,9,0.1875,16,0.3333333333333333,0.25
589,y=ax+b,正,1,4,0.08333333333333333,1,0.020833333333333332,0.25
534,a,変化の割合,2,4,0.08333333333333333,6,0.125,0.25
908,時間,理想,1,3,0.0625,2,0.041666666666666664,0.25
923,実験,熱量,1,4,0.08333333333333333,1,0.020833333333333332,0.25
538,(y2-y1)/(x2-x1),a,1,1,0.020833333333333332,4,0.08333333333333333,0.25
961,時間,根拠,1,3,0.0625,2,0.041666666666666664,0.25
400,交点,直線,1,2,0.041666666666666664,3,0.0625,0.25
399,座標,直線,1,2,0.041666666666666664,3,0.0625,0.25
939,加熱,実験,1,1,0.020833333333333332,4,0.08333333333333333,0.25
510,y1,y=ax+b,1,1,0.020833333333333332,4,0.08333333333333333,0.25
988,お,実験,1,1,0.020833333333333332,4,0.08333333333333333,0.25
502,y2,y=ax+b,1,1,0.020833333333333332,4,0.08333333333333333,0.25
397,直線,解,1,3,0.0625,2,0.041666666666666664,0.25
55,式,表現,5,14,0.2916666666666667,11,0.22916666666666666,0.25
569,a,係数,1,4,0.08333333333333333,1,0.020833333333333332,0.25
408,二元一次方程式,座標平面,1,4,0.08333333333333333,1,0.020833333333333332,0.25
940,データ,実験,1,1,0.020833333333333332,4,0.08333333333333333,0.25
780,実験,操作,1,4,0.08333333333333333,1,0.020833333333333332,0.25
1015,実験,検討,1,4,0.08333333333333333,1,0.020833333333333332,0.25
320,ax+by+c=0,変数,1,2,0.041666666666666664,3,0.0625,0.25
308,値,変数,2,7,0.14583333333333334,3,0.0625,0.25
305,ax+by+c=0,x,2,2,0.041666666666666664,8,0.16666666666666666,0.25
872,作成,実験,1,1,0.020833333333333332,4,0.08333333333333333,0.25
302,x,組,2,8,0.16666666666666666,2,0.041666666666666664,0.25
1051,予測,領域,1,3,0.0625,2,0.041666666666666664,0.25
288,y=ax+b,特別,1,4,0.08333333333333333,1,0.020833333333333332,0.25
1055,内容,実験,1,1,0.020833333333333332,4,0.08333333333333333,0.25
1056,実験,違い,1,4,0.08333333333333333,1,0.020833333333333332,0.25
1057,実験,活動,1,4,0.08333333333333333,1,0.020833333333333332,0.25
1058,実験,工夫,1,4,0.08333333333333333,1,0.020833333333333332,0.25
1060,実験,結果,1,4,0.08333333333333333,1,0.020833333333333332,0.25
278,a,一般,1,4,0.08333333333333333,1,0.020833333333333332,0.25
1061,原因,実験,1,1,0.020833333333333332,4,0.08333333333333333,0.25
267,y=ax+b,一般,1,4,0.08333333333333333,1,0.020833333333333332,0.25
598,判断,直線,1,2,0.041666666666666664,3,0.0625,0.25
257,a,定数,1,4,0.08333333333333333,1,0.020833333333333332,0.25
254,y=ax+b,定数,1,4,0.08333333333333333,1,0.020833333333333332,0.25
86,比例,関数関係,3,6,0.125,9,0.1875,0.25
829,予測,単純,1,3,0.0625,2,0.041666666666666664,0.25
828,予測,理想,1,3,0.0625,2,0.041666666666666664,0.25
184,変数,座標,1,3,0.0625,2,0.041666666666666664,0.25
5,一次関数,事象,7,21,0.4375,14,0.2916666666666667,0.25
108,事象,対応,5,14,0.2916666666666667,11,0.22916666666666666,0.25
793,実験,観察,1,4,0.08333333333333333,1,0.020833333333333332,0.25
112,対応,関数関係,4,11,0.22916666666666666,9,0.1875,0.25
766,実験,様子,1,4,0.08333333333333333,1,0.020833333333333332,0.25
124,反比例,変域,1,4,0.08333333333333333,1,0.020833333333333332,0.25
317,変数,組,1,3,0.0625,2,0.041666666666666664,0.25
319,変数,対象,1,3,0.0625,2,0.041666666666666664,0.25
375,二元一次方程式,変形,1,4,0.08333333333333333,1,0.020833333333333332,0.25
606,a,正,1,4,0.08333333333333333,1,0.020833333333333332,0.25
880,一直線,実験,1,1,0.020833333333333332,4,0.08333333333333333,0.25
1036,実験,比較,1,4,0.08333333333333333,1,0.020833333333333332,0.25
26,変化,特徴,3,10,0.20833333333333334,5,0.10416666666666667,0.25
72,事象,表現,5,14,0.2916666666666667,11,0.22916666666666666,0.25
615,a,傾き,1,4,0.08333333333333333,1,0.020833333333333332,0.25
614,a,負,1,4,0.08333333333333333,1,0.020833333333333332,0.25
337,二元一次方程式,条件,1,4,0.08333333333333333,1,0.020833333333333332,0.25
612,a,増減,1,4,0.08333333333333333,1,0.020833333333333332,0.25
41,変化,考察,5,10,0.20833333333333334,16,0.3333333333333333,0.23809523809523808
233,y,対応,4,10,0.20833333333333334,11,0.22916666666666666,0.23529411764705882
104,対応,理解,4,11,0.22916666666666666,10,0.20833333333333334,0.23529411764705882
386,グラフ,直線,3,13,0.2708333333333333,3,0.0625,0.23076923076923078
25,特徴,表現,3,5,0.10416666666666667,11,0.22916666666666666,0.23076923076923078
30,対応,特徴,3,11,0.22916666666666666,5,0.10416666666666667,0.23076923076923078
83,比例,理解,3,6,0.125,10,0.20833333333333334,0.23076923076923078
870,水温,関係,2,2,0.041666666666666664,9,0.1875,0.2222222222222222
804,数量,理想,2,9,0.1875,2,0.041666666666666664,0.2222222222222222
13,グラフ,数量,4,13,0.2708333333333333,9,0.1875,0.2222222222222222
805,単純,数量,2,2,0.041666666666666664,9,0.1875,0.2222222222222222
300,x,変数,2,8,0.16666666666666666,3,0.0625,0.2222222222222222
849,単純,関係,2,2,0.041666666666666664,9,0.1875,0.2222222222222222
513,y=ax+b,値,2,4,0.08333333333333333,7,0.14583333333333334,0.2222222222222222
846,理想,関係,2,2,0.041666666666666664,9,0.1875,0.2222222222222222
555,a,値,2,4,0.08333333333333333,7,0.14583333333333334,0.2222222222222222
78,具体,関数関係,3,8,0.16666666666666666,9,0.1875,0.21428571428571427
238,x,関数関係,3,8,0.16666666666666666,9,0.1875,0.21428571428571427
175,具体,関係,3,8,0.16666666666666666,9,0.1875,0.21428571428571427
196,式,関係,4,14,0.2916666666666667,9,0.1875,0.21052631578947367
139,グラフ,理解,4,13,0.2708333333333333,10,0.20833333333333334,0.21052631578947367
151,事象,関係,4,14,0.2916666666666667,9,0.1875,0.21052631578947367
106,事象,関数関係,4,14,0.2916666666666667,9,0.1875,0.21052631578947367
286,式,関数関係,4,14,0.2916666666666667,9,0.1875,0.21052631578947367
14,グラフ,考察,5,13,0.2708333333333333,16,0.3333333333333333,0.20833333333333334
237,x,変化,3,8,0.16666666666666666,10,0.20833333333333334,0.2
411,二元一次方程式,交点,1,4,0.08333333333333333,2,0.041666666666666664,0.2
128,反比例,座標,1,4,0.08333333333333333,2,0.041666666666666664,0.2
613,a,判断,1,4,0.08333333333333333,2,0.041666666666666664,0.2
537,a,一定,1,4,0.08333333333333333,2,0.041666666666666664,0.2
186,変数,関係,2,3,0.0625,9,0.1875,0.2
7,二元一次方程式,式,3,4,0.08333333333333333,14,0.2916666666666667,0.2
44,式,考察,5,14,0.2916666666666667,16,0.3333333333333333,0.2
213,変化の割合,関数,2,6,0.125,6,0.125,0.2
938,一定,実験,1,2,0.041666666666666664,4,0.08333333333333333,0.2
591,y=ax+b,判断,1,4,0.08333333333333333,2,0.041666666666666664,0.2
968,予測,時間,1,3,0.0625,3,0.0625,0.2
95,事象,反比例,3,14,0.2916666666666667,4,0.08333333333333333,0.2
809,実験,根拠,1,4,0.08333333333333333,2,0.041666666666666664,0.2
410,二元一次方程式,座標,1,4,0.08333333333333333,2,0.041666666666666664,0.2
117,変域,特徴,1,1,0.020833333333333332,5,0.10416666666666667,0.2
866,実験,水,1,4,0.08333333333333333,2,0.041666666666666664,0.2
277,a,b,1,4,0.08333333333333333,2,0.041666666666666664,0.2
355,値,対応,3,7,0.14583333333333334,11,0.22916666666666666,0.2
396,二元一次方程式,連立二元一次方程式,1,4,0.08333333333333333,2,0.041666666666666664,0.2
266,b,y=ax+b,1,2,0.041666666666666664,4,0.08333333333333333,0.2
1059,実験,領域,1,4,0.08333333333333333,2,0.041666666666666664,0.2
21,グラフ,対応,4,13,0.2708333333333333,11,0.22916666666666666,0.2
568,a,増加,1,4,0.08333333333333333,2,0.041666666666666664,0.2
344,ax+by+c=0,二元一次方程式,1,2,0.041666666666666664,4,0.08333333333333333,0.2
448,仕方,変化,2,2,0.041666666666666664,10,0.20833333333333334,0.2
341,二元一次方程式,対象,1,4,0.08333333333333333,2,0.041666666666666664,0.2
424,特徴,自ら,1,5,0.10416666666666667,1,0.020833333333333332,0.2
294,y,組,2,10,0.20833333333333334,2,0.041666666666666664,0.2
297,ax+by+c=0,y,2,2,0.041666666666666664,10,0.20833333333333334,0.2
405,二元一次方程式,解,1,4,0.08333333333333333,2,0.041666666666666664,0.2
332,二元一次方程式,組,1,4,0.08333333333333333,2,0.041666666666666664,0.2
307,x,二元一次方程式,2,8,0.16666666666666666,4,0.08333333333333333,0.2
863,時間,関係,2,3,0.0625,9,0.1875,0.2
241,数量,関係,3,9,0.1875,9,0.1875,0.2
16,グラフ,表現,4,13,0.2708333333333333,11,0.22916666666666666,0.2
270,b,理解,2,2,0.041666666666666664,10,0.20833333333333334,0.2
58,一次関数,変化,5,21,0.4375,10,0.20833333333333334,0.19230769230769232
66,対応,式,4,11,0.22916666666666666,14,0.2916666666666667,0.19047619047619047
190,考察,関係,4,16,0.3333333333333333,9,0.1875,0.19047619047619047
265,y=ax+b,一次関数,4,4,0.08333333333333333,21,0.4375,0.19047619047619047
240,x,対応,3,8,0.16666666666666666,11,0.22916666666666666,0.1875
69,具体,表現,3,8,0.16666666666666666,11,0.22916666666666666,0.1875
231,y,関数関係,3,10,0.20833333333333334,9,0.1875,0.1875
156,変化,関係,3,10,0.20833333333333334,9,0.1875,0.1875
109,変化,関数関係,3,10,0.20833333333333334,9,0.1875,0.1875
667,大切,表現,2,2,0.041666666666666664,11,0.22916666666666666,0.18181818181818182
263,y=ax+b,関係,2,4,0.08333333333333333,9,0.1875,0.18181818181818182
708,問題,表現,2,2,0.041666666666666664,11,0.22916666666666666,0.18181818181818182
661,表現,適切,2,11,0.22916666666666666,2,0.041666666666666664,0.18181818181818182
154,変化,変数,2,10,0.20833333333333334,3,0.0625,0.18181818181818182
462,増加,対応,2,2,0.041666666666666664,11,0.22916666666666666,0.18181818181818182
803,実験,数量,2,4,0.08333333333333333,9,0.1875,0.18181818181818182
292,y,変数,2,10,0.20833333333333334,3,0.0625,0.18181818181818182
89,反比例,数量,2,4,0.08333333333333333,9,0.1875,0.18181818181818182
694,目的,表現,2,2,0.041666666666666664,11,0.22916666666666666,0.18181818181818182
837,実験,考察,3,4,0.08333333333333333,16,0.3333333333333333,0.17647058823529413
197,対応,関係,3,11,0.22916666666666666,9,0.1875,0.17647058823529413
230,y,変化,3,10,0.20833333333333334,10,0.20833333333333334,0.17647058823529413
84,事象,比例,3,14,0.2916666666666667,6,0.125,0.17647058823529413
19,グラフ,一次関数,5,13,0.2708333333333333,21,0.4375,0.1724137931034483
680,変化の割合,形式,1,6,0.125,1,0.020833333333333332,0.16666666666666666
566,係数,変化の割合,1,1,0.020833333333333332,6,0.125,0.16666666666666666
1155,n角形,変化の割合,1,1,0.020833333333333332,6,0.125,0.16666666666666666
596,a,直線,1,4,0.08333333333333333,3,0.0625,0.16666666666666666
541,意味,特徴,1,2,0.041666666666666664,5,0.10416666666666667,0.16666666666666666
736,的確,表,1,1,0.020833333333333332,6,0.125,0.16666666666666666
750,表,解決,1,6,0.125,1,0.020833333333333332,0.16666666666666666
546,a,y,2,4,0.08333333333333333,10,0.20833333333333334,0.16666666666666666
588,y=ax+b,直線,1,4,0.08333333333333333,3,0.0625,0.16666666666666666
536,(y2-y1)/(x2-x1),変化の割合,1,1,0.020833333333333332,6,0.125,0.16666666666666666
728,表,選択,1,6,0.125,1,0.020833333333333332,0.16666666666666666
22,数量,特徴,2,9,0.1875,5,0.10416666666666667,0.16666666666666666
23,特徴,考察,3,5,0.10416666666666667,16,0.3333333333333333,0.16666666666666666
681,変化の割合,計算,1,6,0.125,1,0.020833333333333332,0.16666666666666666
1141,和,関数,1,1,0.020833333333333332,6,0.125,0.16666666666666666
1104,三角形,関数,1,1,0.020833333333333332,6,0.125,0.16666666666666666
212,変化の割合,着目,1,6,0.125,1,0.020833333333333332,0.16666666666666666
1066,工夫,関数,1,1,0.020833333333333332,6,0.125,0.16666666666666666
456,比,関数,1,1,0.020833333333333332,6,0.125,0.16666666666666666
454,比,表,1,1,0.020833333333333332,6,0.125,0.16666666666666666
989,お,関数,1,1,0.020833333333333332,6,0.125,0.16666666666666666
289,比例,特別,1,6,0.125,1,0.020833333333333332,0.16666666666666666
445,減少,関数,1,1,0.020833333333333332,6,0.125,0.16666666666666666
96,反比例,変化,2,4,0.08333333333333333,10,0.20833333333333334,0.16666666666666666
443,減少,表,1,1,0.020833333333333332,6,0.125,0.16666666666666666
1152,n角形,関数,1,1,0.020833333333333332,6,0.125,0.16666666666666666
1151,関数,頂点,1,6,0.125,1,0.020833333333333332,0.16666666666666666
209,比例,発展,1,6,0.125,1,0.020833333333333332,0.16666666666666666
1062,内容,関数,1,1,0.020833333333333332,6,0.125,0.16666666666666666
52,変化,表現,3,10,0.20833333333333334,11,0.22916666666666666,0.16666666666666666
214,入り口,変化の割合,1,1,0.020833333333333332,6,0.125,0.16666666666666666
1105,三角形,変化の割合,1,1,0.020833333333333332,6,0.125,0.16666666666666666
1146,内角,関数,1,1,0.020833333333333332,6,0.125,0.16666666666666666
430,自ら,表,1,1,0.020833333333333332,6,0.125,0.16666666666666666
1003,手立て,関数,1,1,0.020833333333333332,6,0.125,0.16666666666666666
221,着目,関数,1,1,0.020833333333333332,6,0.125,0.16666666666666666
401,二元一次方程式,直線,1,4,0.08333333333333333,3,0.0625,0.16666666666666666
223,入り口,関数,1,1,0.020833333333333332,6,0.125,0.16666666666666666
1147,内角,変化の割合,1,1,0.020833333333333332,6,0.125,0.16666666666666666
1063,違い,関数,1,1,0.020833333333333332,6,0.125,0.16666666666666666
269,a,理解,2,4,0.08333333333333333,10,0.20833333333333334,0.16666666666666666
1016,検討,関数,1,1,0.020833333333333332,6,0.125,0.16666666666666666
64,一次関数,式,5,21,0.4375,14,0.2916666666666667,0.16666666666666666
1065,活動,関数,1,1,0.020833333333333332,6,0.125,0.16666666666666666
1069,原因,関数,1,1,0.020833333333333332,6,0.125,0.16666666666666666
299,y,二元一次方程式,2,10,0.20833333333333334,4,0.08333333333333333,0.16666666666666666
1068,結果,関数,1,1,0.020833333333333332,6,0.125,0.16666666666666666
1129,図形,変化の割合,1,1,0.020833333333333332,6,0.125,0.16666666666666666
1115,変化の割合,多角形,1,6,0.125,1,0.020833333333333332,0.16666666666666666
1136,n,変化の割合,1,1,0.020833333333333332,6,0.125,0.16666666666666666
1135,n,関数,1,1,0.020833333333333332,6,0.125,0.16666666666666666
1154,変化の割合,頂点,1,6,0.125,1,0.020833333333333332,0.16666666666666666
126,反比例,変数,1,4,0.08333333333333333,3,0.0625,0.16666666666666666
493,y,y=ax+b,2,10,0.20833333333333334,4,0.08333333333333333,0.16666666666666666
488,割合,変化の割合,1,1,0.020833333333333332,6,0.125,0.16666666666666666
321,二元一次方程式,変数,1,4,0.08333333333333333,3,0.0625,0.16666666666666666
1128,図形,関数,1,1,0.020833333333333332,6,0.125,0.16666666666666666
477,増加量,変化の割合,1,1,0.020833333333333332,6,0.125,0.16666666666666666
1142,和,変化の割合,1,1,0.020833333333333332,6,0.125,0.16666666666666666
514,y=ax+b,変数,1,4,0.08333333333333333,3,0.0625,0.16666666666666666
472,x,変化の割合,2,8,0.16666666666666666,6,0.125,0.16666666666666666
121,座標,特徴,1,2,0.041666666666666664,5,0.10416666666666667,0.16666666666666666
159,変域,比例,1,1,0.020833333333333332,6,0.125,0.16666666666666666
1114,多角形,関数,1,1,0.020833333333333332,6,0.125,0.16666666666666666
163,変域,表,1,1,0.020833333333333332,6,0.125,0.16666666666666666
1037,比較,関数,1,1,0.020833333333333332,6,0.125,0.16666666666666666
67,一次関数,具体,4,21,0.4375,8,0.16666666666666666,0.16
171,グラフ,関係,3,13,0.2708333333333333,9,0.1875,0.15789473684210525
42,考察,表,3,16,0.3333333333333333,6,0.125,0.15789473684210525
306,x,式,3,8,0.16666666666666666,14,0.2916666666666667,0.15789473684210525
558,変化の割合,考察,3,6,0.125,16,0.3333333333333333,0.15789473684210525
56,対応,表現,3,11,0.22916666666666666,11,0.22916666666666666,0.15789473684210525
43,一次関数,考察,5,21,0.4375,16,0.3333333333333333,0.15625
853,グラフ,水温,2,13,0.2708333333333333,2,0.041666666666666664,0.15384615384615385
387,グラフ,解,2,13,0.2708333333333333,2,0.041666666666666664,0.15384615384615385
115,特徴,理解,2,5,0.10416666666666667,10,0.20833333333333334,0.15384615384615385
389,グラフ,交点,2,13,0.2708333333333333,2,0.041666666666666664,0.15384615384615385
36,一次関数,数量,4,21,0.4375,9,0.1875,0.15384615384615385
81,数量,比例,2,9,0.1875,6,0.125,0.15384615384615385
385,グラフ,連立二元一次方程式,2,13,0.2708333333333333,2,0.041666666666666664,0.15384615384615385
413,グラフ,意味,2,13,0.2708333333333333,2,0.041666666666666664,0.15384615384615385
170,グラフ,座標,2,13,0.2708333333333333,2,0.041666666666666664,0.15384615384615385
273,一次関数,関係,4,21,0.4375,9,0.1875,0.15384615384615385
99,反比例,対応,2,4,0.08333333333333333,11,0.22916666666666666,0.15384615384615385
181,比例,関係,2,6,0.125,9,0.1875,0.15384615384615385
15,グラフ,相互,2,13,0.2708333333333333,2,0.041666666666666664,0.15384615384615385
93,数量,関数,2,9,0.1875,6,0.125,0.15384615384615385
37,式,数量,3,14,0.2916666666666667,9,0.1875,0.15
17,グラフ,変化,3,13,0.2708333333333333,10,0.20833333333333334,0.15
4,一次関数,理解,4,21,0.4375,10,0.20833333333333334,0.14814814814814814
361,y,一次関数,4,10,0.20833333333333334,21,0.4375,0.14814814814814814
663,変化の割合,適切,1,6,0.125,2,0.041666666666666664,0.14285714285714285
331,式,組,2,14,0.2916666666666667,2,0.041666666666666664,0.14285714285714285
635,x=0,値,1,1,0.020833333333333332,7,0.14583333333333334,0.14285714285714285
642,y軸,値,1,1,0.020833333333333332,7,0.14583333333333334,0.14285714285714285
643,y座標,値,1,1,0.020833333333333332,7,0.14583333333333334,0.14285714285714285
298,y,式,3,10,0.20833333333333334,14,0.2916666666666667,0.14285714285714285
311,値,条件,1,7,0.14583333333333334,1,0.020833333333333332,0.14285714285714285
518,y1,値,1,1,0.020833333333333332,7,0.14583333333333334,0.14285714285714285
669,変化の割合,大切,1,6,0.125,2,0.041666666666666664,0.14285714285714285
179,座標,比例,1,2,0.041666666666666664,6,0.125,0.14285714285714285
120,変数,特徴,1,3,0.0625,5,0.10416666666666667,0.14285714285714285
755,大切,表,1,2,0.041666666666666664,6,0.125,0.14285714285714285
754,問題,表,1,2,0.041666666666666664,6,0.125,0.14285714285714285
143,理解,表,2,10,0.20833333333333334,6,0.125,0.14285714285714285
145,式,理解,3,14,0.2916666666666667,10,0.20833333333333334,0.14285714285714285
746,表,適切,1,6,0.125,2,0.041666666666666664,0.14285714285714285
110,変化,関数,2,10,0.20833333333333334,6,0.125,0.14285714285714285
742,目的,表,1,2,0.041666666666666664,6,0.125,0.14285714285714285
103,理解,関数,2,10,0.20833333333333334,6,0.125,0.14285714285714285
819,事象,理想,2,14,0.2916666666666667,2,0.041666666666666664,0.14285714285714285
251,ak,値,1,1,0.020833333333333332,7,0.14583333333333334,0.14285714285714285
191,座標,表,1,2,0.041666666666666664,6,0.125,0.14285714285714285
820,事象,単純,2,14,0.2916666666666667,2,0.041666666666666664,0.14285714285714285
348,b≠0,値,1,1,0.020833333333333332,7,0.14583333333333334,0.14285714285714285
211,変化の割合,文字,1,6,0.125,2,0.041666666666666664,0.14285714285714285
215,式,文字,2,14,0.2916666666666667,2,0.041666666666666664,0.14285714285714285
219,文字,関数,1,2,0.041666666666666664,6,0.125,0.14285714285714285
85,変化,比例,2,10,0.20833333333333334,6,0.125,0.14285714285714285
851,グラフ,時間,2,13,0.2708333333333333,3,0.0625,0.14285714285714285
249,k,値,1,1,0.020833333333333332,7,0.14583333333333334,0.14285714285714285
343,ax+by+c=0,式,2,2,0.041666666666666664,14,0.2916666666666667,0.14285714285714285
449,仕方,表,1,2,0.041666666666666664,6,0.125,0.14285714285714285
601,値,正,1,7,0.14583333333333334,1,0.020833333333333332,0.14285714285714285
451,仕方,関数,1,2,0.041666666666666664,6,0.125,0.14285714285714285
535,一定,変化の割合,1,2,0.041666666666666664,6,0.125,0.14285714285714285
467,y,変化の割合,2,10,0.20833333333333334,6,0.125,0.14285714285714285
485,変化の割合,明確,1,6,0.125,2,0.041666666666666664,0.14285714285714285
50,式,相互,2,14,0.2916666666666667,2,0.041666666666666664,0.14285714285714285
481,仕方,変化の割合,1,2,0.041666666666666664,6,0.125,0.14285714285714285
540,特徴,直線,1,5,0.10416666666666667,3,0.0625,0.14285714285714285
605,値,傾き,1,7,0.14583333333333334,1,0.020833333333333332,0.14285714285714285
604,値,負,1,7,0.14583333333333334,1,0.020833333333333332,0.14285714285714285
1153,変化の割合,領域,1,6,0.125,2,0.041666666666666664,0.14285714285714285
506,y2,値,1,1,0.020833333333333332,7,0.14583333333333334,0.14285714285714285
565,増加,変化の割合,1,2,0.041666666666666664,6,0.125,0.14285714285714285
557,係数,値,1,1,0.020833333333333332,7,0.14583333333333334,0.14285714285714285
523,x2,値,1,1,0.020833333333333332,7,0.14583333333333334,0.14285714285714285
527,x1,値,1,1,0.020833333333333332,7,0.14583333333333334,0.14285714285714285
602,値,増減,1,7,0.14583333333333334,1,0.020833333333333332,0.14285714285714285
459,増加,表,1,2,0.041666666666666664,6,0.125,0.14285714285714285
59,変化,式,3,10,0.20833333333333334,14,0.2916666666666667,0.14285714285714285
461,増加,関数,1,2,0.041666666666666664,6,0.125,0.14285714285714285
205,考察,関数関係,3,16,0.3333333333333333,9,0.1875,0.13636363636363635
854,グラフ,実験,2,13,0.2708333333333333,4,0.08333333333333333,0.13333333333333333
553,値,理解,2,7,0.14583333333333334,10,0.20833333333333334,0.13333333333333333
239,x,関係,2,8,0.16666666666666666,9,0.1875,0.13333333333333333
125,グラフ,反比例,2,13,0.2708333333333333,4,0.08333333333333333,0.13333333333333333
113,対応,関数,2,11,0.22916666666666666,6,0.125,0.13333333333333333
88,対応,比例,2,11,0.22916666666666666,6,0.125,0.13333333333333333
187,変数,式,2,3,0.0625,14,0.2916666666666667,0.13333333333333333
141,理解,考察,3,10,0.20833333333333334,16,0.3333333333333333,0.13043478260869565
28,一次関数,特徴,3,21,0.4375,5,0.10416666666666667,0.13043478260869565
158,具体,変域,1,8,0.16666666666666666,1,0.020833333333333332,0.125
1085,考察,領域,2,16,0.3333333333333333,2,0.041666666666666664,0.125
782,具体,操作,1,8,0.16666666666666666,1,0.020833333333333332,0.125
468,x,増加量,1,8,0.16666666666666666,1,0.020833333333333332,0.125
471,x,割合,1,8,0.16666666666666666,1,0.020833333333333332,0.125
552,x,係数,1,8,0.16666666666666666,1,0.020833333333333332,0.125
147,グラフ,事象,3,13,0.2708333333333333,14,0.2916666666666667,0.125
207,一次関数,比例,3,21,0.4375,6,0.125,0.125
198,具体,同様,1,8,0.16666666666666666,1,0.020833333333333332,0.125
177,変数,比例,1,3,0.0625,6,0.125,0.125
556,値,増加,1,7,0.14583333333333334,2,0.041666666666666664,0.125
818,事象,実験,2,14,0.2916666666666667,4,0.08333333333333333,0.125
246,k,x,1,1,0.020833333333333332,8,0.16666666666666666,0.125
185,変数,表,1,3,0.0625,6,0.125,0.125
347,b≠0,x,1,1,0.020833333333333332,8,0.16666666666666666,0.125
248,ak,x,1,1,0.020833333333333332,8,0.16666666666666666,0.125
500,x,x2,1,8,0.16666666666666666,1,0.020833333333333332,0.125
644,b,値,1,2,0.041666666666666664,7,0.14583333333333334,0.125
501,x,x1,1,8,0.16666666666666666,1,0.020833333333333332,0.125
131,反比例,式,2,4,0.08333333333333333,14,0.2916666666666667,0.125
114,反比例,特徴,1,4,0.08333333333333333,5,0.10416666666666667,0.125
499,x,y1,1,8,0.16666666666666666,1,0.020833333333333332,0.125
768,具体,様子,1,8,0.16666666666666666,1,0.020833333333333332,0.125
795,具体,観察,1,8,0.16666666666666666,1,0.020833333333333332,0.125
645,交点,値,1,2,0.041666666666666664,7,0.14583333333333334,0.125
303,x,条件,1,8,0.16666666666666666,1,0.020833333333333332,0.125
364,x,変形,1,8,0.16666666666666666,1,0.020833333333333332,0.125
312,値,対象,1,7,0.14583333333333334,2,0.041666666666666664,0.125
366,x,y=(1/2)x+3,1,8,0.16666666666666666,1,0.020833333333333332,0.125
1046,予測,関数,1,3,0.0625,6,0.125,0.125
367,x,x-2y+6=0,1,8,0.16666666666666666,1,0.020833333333333332,0.125
497,x,y2,1,8,0.16666666666666666,1,0.020833333333333332,0.125
76,具体,理解,2,8,0.16666666666666666,10,0.20833333333333334,0.125
324,対象,考察,2,2,0.041666666666666664,16,0.3333333333333333,0.125
603,値,判断,1,7,0.14583333333333334,2,0.041666666666666664,0.125
830,予測,考察,2,3,0.0625,16,0.3333333333333333,0.11764705882352941
102,理解,関数関係,2,10,0.20833333333333334,9,0.1875,0.11764705882352941
144,理解,関係,2,10,0.20833333333333334,9,0.1875,0.11764705882352941
183,変数,考察,2,3,0.0625,16,0.3333333333333333,0.11764705882352941
168,グラフ,比例,2,13,0.2708333333333333,6,0.125,0.11764705882352941
232,y,関係,2,10,0.20833333333333334,9,0.1875,0.11764705882352941
365,x,一次関数,3,8,0.16666666666666666,21,0.4375,0.11538461538461539
164,変域,関係,1,1,0.020833333333333332,9,0.1875,0.1111111111111111
954,加熱,関係,1,1,0.020833333333333332,9,0.1875,0.1111111111111111
960,データ,関係,1,1,0.020833333333333332,9,0.1875,0.1111111111111111
775,操作,数量,1,1,0.020833333333333332,9,0.1875,0.1111111111111111
799,観察,関係,1,1,0.020833333333333332,9,0.1875,0.1111111111111111
545,y,理解,2,10,0.20833333333333334,10,0.20833333333333334,0.1111111111111111
786,操作,関係,1,1,0.020833333333333332,9,0.1875,0.1111111111111111
772,様子,関係,1,1,0.020833333333333332,9,0.1875,0.1111111111111111
788,数量,観察,1,9,0.1875,1,0.020833333333333332,0.1111111111111111
6,式,関数,2,14,0.2916666666666667,6,0.125,0.1111111111111111
470,x,明確,1,8,0.16666666666666666,2,0.041666666666666664,0.1111111111111111
127,反比例,考察,2,4,0.08333333333333333,16,0.3333333333333333,0.1111111111111111
101,変化,理解,2,10,0.20833333333333334,10,0.20833333333333334,0.1111111111111111
469,x,仕方,1,8,0.16666666666666666,2,0.041666666666666664,0.1111111111111111
173,具体,座標,1,8,0.16666666666666666,2,0.041666666666666664,0.1111111111111111
137,表現,関係,2,11,0.22916666666666666,9,0.1875,0.1111111111111111
761,数量,様子,1,9,0.1875,1,0.020833333333333332,0.1111111111111111
129,反比例,表,1,4,0.08333333333333333,6,0.125,0.1111111111111111
931,熱量,関係,1,1,0.020833333333333332,9,0.1875,0.1111111111111111
551,x,増加,1,8,0.16666666666666666,2,0.041666666666666664,0.1111111111111111
182,式,比例,2,14,0.2916666666666667,6,0.125,0.1111111111111111
438,数量,比,1,9,0.1875,1,0.020833333333333332,0.1111111111111111
811,具体,根拠,1,8,0.16666666666666666,2,0.041666666666666664,0.1111111111111111
1054,実験,関数,1,4,0.08333333333333333,6,0.125,0.1111111111111111
594,値,直線,1,7,0.14583333333333334,3,0.0625,0.1111111111111111
382,x-2y+6=0,関数関係,1,1,0.020833333333333332,9,0.1875,0.1111111111111111
379,y=(1/2)x+3,関数関係,1,1,0.020833333333333332,9,0.1875,0.1111111111111111
373,変形,関数関係,1,1,0.020833333333333332,9,0.1875,0.1111111111111111
256,定数,関係,1,1,0.020833333333333332,9,0.1875,0.1111111111111111
895,データ,数量,1,1,0.020833333333333332,9,0.1875,0.1111111111111111
275,一般,関係,1,1,0.020833333333333332,9,0.1875,0.1111111111111111
287,y=ax+b,比例,1,4,0.08333333333333333,6,0.125,0.1111111111111111
291,特別,関係,1,1,0.020833333333333332,9,0.1875,0.1111111111111111
687,存在,関数関係,1,1,0.020833333333333332,9,0.1875,0.1111111111111111
894,加熱,数量,1,1,0.020833333333333332,9,0.1875,0.1111111111111111
33,数量,表現,2,9,0.1875,11,0.22916666666666666,0.1111111111111111
873,作成,関係,1,1,0.020833333333333332,9,0.1875,0.1111111111111111
874,一直線,数量,1,1,0.020833333333333332,9,0.1875,0.1111111111111111
891,数量,熱量,1,9,0.1875,1,0.020833333333333332,0.1111111111111111
351,b≠0,関数関係,1,1,0.020833333333333332,9,0.1875,0.1111111111111111
335,条件,関係,1,1,0.020833333333333332,9,0.1875,0.1111111111111111
890,数量,点,1,9,0.1875,1,0.020833333333333332,0.1111111111111111
683,社会,関数関係,1,1,0.020833333333333332,9,0.1875,0.1111111111111111
304,x,対象,1,8,0.16666666666666666,2,0.041666666666666664,0.1111111111111111
206,表現,関数関係,2,11,0.22916666666666666,9,0.1875,0.1111111111111111
436,数量,減少,1,9,0.1875,1,0.020833333333333332,0.1111111111111111
688,日常,関数関係,1,1,0.020833333333333332,9,0.1875,0.1111111111111111
98,反比例,関数,1,4,0.08333333333333333,6,0.125,0.1111111111111111
426,数量,自ら,1,9,0.1875,1,0.020833333333333332,0.1111111111111111
843,具体,単純,1,8,0.16666666666666666,2,0.041666666666666664,0.1111111111111111
581,グラフ,値,2,13,0.2708333333333333,7,0.14583333333333334,0.1111111111111111
921,点,関係,1,1,0.020833333333333332,9,0.1875,0.1111111111111111
842,具体,理想,1,8,0.16666666666666666,2,0.041666666666666664,0.1111111111111111
199,同様,数量,1,1,0.020833333333333332,9,0.1875,0.1111111111111111
431,自ら,関数関係,1,1,0.020833333333333332,9,0.1875,0.1111111111111111
888,一直線,関係,1,1,0.020833333333333332,9,0.1875,0.1111111111111111
8,二元一次方程式,関数,1,4,0.08333333333333333,6,0.125,0.1111111111111111
315,値,式,2,7,0.14583333333333334,14,0.2916666666666667,0.10526315789473684
167,グラフ,具体,2,13,0.2708333333333333,8,0.16666666666666666,0.10526315789473684
65,一次関数,対応,3,21,0.4375,11,0.22916666666666666,0.10344827586206896
54,一次関数,表現,3,21,0.4375,11,0.22916666666666666,0.10344827586206896
1028,内容,理解,1,1,0.020833333333333332,10,0.20833333333333334,0.1
999,手立て,理解,1,1,0.020833333333333332,10,0.20833333333333334,0.1
815,根拠,関係,1,2,0.041666666666666664,9,0.1875,0.1
949,一定,関係,1,2,0.041666666666666664,9,0.1875,0.1
827,予測,具体,1,3,0.0625,8,0.16666666666666666,0.1
1034,原因,理解,1,1,0.020833333333333332,10,0.20833333333333334,0.1
1033,理解,結果,1,10,0.20833333333333334,1,0.020833333333333332,0.1
985,お,理解,1,1,0.020833333333333332,10,0.20833333333333334,0.1
1064,考察,関数,2,16,0.3333333333333333,6,0.125,0.1
892,数量,水温,1,9,0.1875,2,0.041666666666666664,0.1
893,一定,数量,1,2,0.041666666666666664,9,0.1875,0.1
1031,工夫,理解,1,1,0.020833333333333332,10,0.20833333333333334,0.1
867,水,関係,1,2,0.041666666666666664,9,0.1875,0.1
1025,比較,理解,1,1,0.020833333333333332,10,0.20833333333333334,0.1
1030,活動,理解,1,1,0.020833333333333332,10,0.20833333333333334,0.1
1029,理解,違い,1,10,0.20833333333333334,1,0.020833333333333332,0.1
791,変化,観察,1,10,0.20833333333333334,1,0.020833333333333332,0.1
1012,検討,理解,1,1,0.020833333333333332,10,0.20833333333333334,0.1
801,数量,根拠,1,9,0.1875,2,0.041666666666666664,0.1
579,y,傾き,1,10,0.20833333333333334,1,0.020833333333333332,0.1
525,x2,変化,1,1,0.020833333333333332,10,0.20833333333333334,0.1
415,理解,視覚,1,10,0.20833333333333334,1,0.020833333333333332,0.1
628,y,y座標,1,10,0.20833333333333334,1,0.020833333333333332,0.1
439,増加,数量,1,2,0.041666666666666664,9,0.1875,0.1
437,仕方,数量,1,2,0.041666666666666664,9,0.1875,0.1
32,数量,相互,1,9,0.1875,2,0.041666666666666664,0.1
429,変化,自ら,1,10,0.20833333333333334,1,0.020833333333333332,0.1
636,x=0,理解,1,1,0.020833333333333332,10,0.20833333333333334,0.1
646,y軸,理解,1,1,0.020833333333333332,10,0.20833333333333334,0.1
647,y座標,理解,1,1,0.020833333333333332,10,0.20833333333333334,0.1
363,x-2y+6=0,y,1,1,0.020833333333333332,10,0.20833333333333334,0.1
626,x=0,y,1,1,0.020833333333333332,10,0.20833333333333334,0.1
362,y,y=(1/2)x+3,1,10,0.20833333333333334,1,0.020833333333333332,0.1
360,y,変形,1,10,0.20833333333333334,1,0.020833333333333332,0.1
358,ax+by+c=0,関数関係,1,2,0.041666666666666664,9,0.1875,0.1
356,組,関数関係,1,2,0.041666666666666664,9,0.1875,0.1
346,b≠0,y,1,1,0.020833333333333332,10,0.20833333333333334,0.1
342,ax+by+c=0,関係,1,2,0.041666666666666664,9,0.1875,0.1
339,対象,関係,1,2,0.041666666666666664,9,0.1875,0.1
330,組,関係,1,2,0.041666666666666664,9,0.1875,0.1
627,y,y軸,1,10,0.20833333333333334,1,0.020833333333333332,0.1
442,変化,減少,1,10,0.20833333333333334,1,0.020833333333333332,0.1
295,y,条件,1,10,0.20833333333333334,1,0.020833333333333332,0.1
564,係数,理解,1,1,0.020833333333333332,10,0.20833333333333334,0.1
119,比例,特徴,1,6,0.125,5,0.10416666666666667,0.1
520,y1,変化,1,1,0.020833333333333332,10,0.20833333333333334,0.1
548,y,係数,1,10,0.20833333333333334,1,0.020833333333333332,0.1
508,y2,変化,1,1,0.020833333333333332,10,0.20833333333333334,0.1
496,x1,y,1,1,0.020833333333333332,10,0.20833333333333334,0.1
495,x2,y,1,1,0.020833333333333332,10,0.20833333333333334,0.1
494,y,y1,1,10,0.20833333333333334,1,0.020833333333333332,0.1
492,y,y2,1,10,0.20833333333333334,1,0.020833333333333332,0.1
487,割合,変化,1,1,0.020833333333333332,10,0.20833333333333334,0.1
453,変化,比,1,10,0.20833333333333334,1,0.020833333333333332,0.1
778,変化,操作,1,10,0.20833333333333334,1,0.020833333333333332,0.1
575,y,正,1,10,0.20833333333333334,1,0.020833333333333332,0.1
576,y,増減,1,10,0.20833333333333334,1,0.020833333333333332,0.1
578,y,負,1,10,0.20833333333333334,1,0.020833333333333332,0.1
476,増加量,変化,1,1,0.020833333333333332,10,0.20833333333333334,0.1
138,変域,理解,1,1,0.020833333333333332,10,0.20833333333333334,0.1
466,y,割合,1,10,0.20833333333333334,1,0.020833333333333332,0.1
463,y,増加量,1,10,0.20833333333333334,1,0.020833333333333332,0.1
316,二元一次方程式,値,1,4,0.08333333333333333,7,0.14583333333333334,0.1
529,x1,変化,1,1,0.020833333333333332,10,0.20833333333333334,0.1
243,k,y,1,1,0.020833333333333332,10,0.20833333333333334,0.1
176,具体,式,2,8,0.16666666666666666,14,0.2916666666666667,0.1
253,文字,関係,1,2,0.041666666666666664,9,0.1875,0.1
255,定数,理解,1,1,0.020833333333333332,10,0.20833333333333334,0.1
153,変化,変域,1,10,0.20833333333333334,1,0.020833333333333332,0.1
202,同様,変化,1,1,0.020833333333333332,10,0.20833333333333334,0.1
271,一般,理解,1,1,0.020833333333333332,10,0.20833333333333334,0.1
274,b,関係,1,2,0.041666666666666664,9,0.1875,0.1
178,比例,考察,2,6,0.125,16,0.3333333333333333,0.1
285,グラフ,関数関係,2,13,0.2708333333333333,9,0.1875,0.1
764,変化,様子,1,10,0.20833333333333334,1,0.020833333333333332,0.1
192,座標,関係,1,2,0.041666666666666664,9,0.1875,0.1
245,ak,y,1,1,0.020833333333333332,10,0.20833333333333334,0.1
172,具体,変数,1,8,0.16666666666666666,3,0.0625,0.1
840,一次関数,理想,2,21,0.4375,2,0.041666666666666664,0.09523809523809523
573,y,グラフ,2,10,0.20833333333333334,13,0.2708333333333333,0.09523809523809523
810,一次関数,根拠,2,21,0.4375,2,0.041666666666666664,0.09523809523809523
309,値,考察,2,7,0.14583333333333334,16,0.3333333333333333,0.09523809523809523
49,一次関数,相互,2,21,0.4375,2,0.041666666666666664,0.09523809523809523
841,一次関数,単純,2,21,0.4375,2,0.041666666666666664,0.09523809523809523
460,表,関数,1,6,0.125,6,0.125,0.09090909090909091
458,増加,変化,1,2,0.041666666666666664,10,0.20833333333333334,0.09090909090909091
457,対応,比,1,11,0.22916666666666666,1,0.020833333333333332,0.09090909090909091
802,予測,数量,1,3,0.0625,9,0.1875,0.09090909090909091
446,対応,減少,1,11,0.22916666666666666,1,0.020833333333333332,0.09090909090909091
47,変化,相互,1,10,0.20833333333333334,2,0.041666666666666664,0.09090909090909091
204,同様,対応,1,1,0.020833333333333332,11,0.22916666666666666,0.09090909090909091
464,y,仕方,1,10,0.20833333333333334,2,0.041666666666666664,0.09090909090909091
889,数量,時間,1,9,0.1875,3,0.0625,0.09090909090909091
155,変化,座標,1,10,0.20833333333333334,2,0.041666666666666664,0.09090909090909091
296,y,対象,1,10,0.20833333333333334,2,0.041666666666666664,0.09090909090909091
166,変域,対応,1,1,0.020833333333333332,11,0.22916666666666666,0.09090909090909091
629,b,y,1,2,0.041666666666666664,10,0.20833333333333334,0.09090909090909091
630,y,交点,1,10,0.20833333333333334,2,0.041666666666666664,0.09090909090909091
807,変化,根拠,1,10,0.20833333333333334,2,0.041666666666666664,0.09090909090909091
734,的確,表現,1,1,0.020833333333333332,11,0.22916666666666666,0.09090909090909091
498,x,y=ax+b,1,8,0.16666666666666666,4,0.08333333333333333,0.09090909090909091
465,y,明確,1,10,0.20833333333333334,2,0.041666666666666664,0.09090909090909091
100,事象,理解,2,14,0.2916666666666667,10,0.20833333333333334,0.09090909090909091
787,対応,操作,1,11,0.22916666666666666,1,0.020833333333333332,0.09090909090909091
773,対応,様子,1,11,0.22916666666666666,1,0.020833333333333332,0.09090909090909091
133,変域,表現,1,1,0.020833333333333332,11,0.22916666666666666,0.09090909090909091
563,増加,理解,1,2,0.041666666666666664,10,0.20833333333333334,0.09090909090909091
87,比例,関数,1,6,0.125,6,0.125,0.09090909090909091
547,y,増加,1,10,0.20833333333333334,2,0.041666666666666664,0.09090909090909091
180,比例,表,1,6,0.125,6,0.125,0.09090909090909091
11,思考,表現,1,1,0.020833333333333332,11,0.22916666666666666,0.09090909090909091
550,a,x,1,4,0.08333333333333333,8,0.16666666666666666,0.09090909090909091
572,係数,対応,1,1,0.020833333333333332,11,0.22916666666666666,0.09090909090909091
484,変化,明確,1,10,0.20833333333333334,2,0.041666666666666664,0.09090909090909091
726,表現,選択,1,11,0.22916666666666666,1,0.020833333333333332,0.09090909090909091
577,y,判断,1,10,0.20833333333333334,2,0.041666666666666664,0.09090909090909091
749,表現,解決,1,11,0.22916666666666666,1,0.020833333333333332,0.09090909090909091
542,一次関数,直線,2,21,0.4375,3,0.0625,0.09090909090909091
800,対応,観察,1,11,0.22916666666666666,1,0.020833333333333332,0.09090909090909091
905,一次関数,時間,2,21,0.4375,3,0.0625,0.09090909090909091
826,一次関数,予測,2,21,0.4375,3,0.0625,0.09090909090909091
435,理解,相互,1,10,0.20833333333333334,2,0.041666666666666664,0.09090909090909091
417,意味,理解,1,2,0.041666666666666664,10,0.20833333333333334,0.09090909090909091
301,x,考察,2,8,0.16666666666666666,16,0.3333333333333333,0.09090909090909091
831,予測,関係,1,3,0.0625,9,0.1875,0.09090909090909091
834,具体,実験,1,8,0.16666666666666666,4,0.08333333333333333,0.09090909090909091
824,単純,変化,1,2,0.041666666666666664,10,0.20833333333333334,0.09090909090909091
823,変化,理想,1,10,0.20833333333333334,2,0.041666666666666664,0.09090909090909091
700,意識,表現,1,1,0.020833333333333332,11,0.22916666666666666,0.09090909090909091
353,b≠0,対応,1,1,0.020833333333333332,11,0.22916666666666666,0.09090909090909091
1032,理解,領域,1,10,0.20833333333333334,2,0.041666666666666664,0.09090909090909091
433,対応,自ら,1,11,0.22916666666666666,1,0.020833333333333332,0.09090909090909091
142,座標,理解,1,2,0.041666666666666664,10,0.20833333333333334,0.09090909090909091
676,表現,計算,1,11,0.22916666666666666,1,0.020833333333333332,0.09090909090909091
675,形式,表現,1,1,0.020833333333333332,11,0.22916666666666666,0.09090909090909091
414,理解,連立二元一次方程式,1,10,0.20833333333333334,2,0.041666666666666664,0.09090909090909091
416,理解,解,1,10,0.20833333333333334,2,0.041666666666666664,0.09090909090909091
648,交点,理解,1,2,0.041666666666666664,10,0.20833333333333334,0.09090909090909091
655,y座標,対応,1,1,0.020833333333333332,11,0.22916666666666666,0.09090909090909091
641,x=0,対応,1,1,0.020833333333333332,11,0.22916666666666666,0.09090909090909091
428,自ら,表現,1,1,0.020833333333333332,11,0.22916666666666666,0.09090909090909091
652,y軸,対応,1,1,0.020833333333333332,11,0.22916666666666666,0.09090909090909091
276,a,一次関数,2,4,0.08333333333333333,21,0.4375,0.08695652173913043
833,一次関数,実験,2,21,0.4375,4,0.08333333333333333,0.08695652173913043
554,値,変化の割合,1,7,0.14583333333333334,6,0.125,0.08333333333333333
46,相互,表現,1,2,0.041666666666666664,11,0.22916666666666666,0.08333333333333333
345,二元一次方程式,関係,1,4,0.08333333333333333,9,0.1875,0.08333333333333333
821,予測,変化,1,3,0.0625,10,0.20833333333333334,0.08333333333333333
10,判断,表現,1,2,0.041666666666666664,11,0.22916666666666666,0.08333333333333333
847,対応,理想,1,11,0.22916666666666666,2,0.041666666666666664,0.08333333333333333
293,y,考察,2,10,0.20833333333333334,16,0.3333333333333333,0.08333333333333333
850,単純,対応,1,2,0.041666666666666664,11,0.22916666666666666,0.08333333333333333
130,反比例,関係,1,4,0.08333333333333333,9,0.1875,0.08333333333333333
252,文字,表現,1,2,0.041666666666666664,11,0.22916666666666666,0.08333333333333333
118,具体,特徴,1,8,0.16666666666666666,5,0.10416666666666667,0.08333333333333333
707,明確,表現,1,2,0.041666666666666664,11,0.22916666666666666,0.08333333333333333
709,対象,表現,1,2,0.041666666666666664,11,0.22916666666666666,0.08333333333333333
357,対応,組,1,11,0.22916666666666666,2,0.041666666666666664,0.08333333333333333
272,a,関係,1,4,0.08333333333333333,9,0.1875,0.08333333333333333
194,対応,座標,1,11,0.22916666666666666,2,0.041666666666666664,0.08333333333333333
816,対応,根拠,1,11,0.22916666666666666,2,0.041666666666666664,0.08333333333333333
383,二元一次方程式,関数関係,1,4,0.08333333333333333,9,0.1875,0.08333333333333333
1026,予測,理解,1,3,0.0625,10,0.20833333333333334,0.08333333333333333
136,座標,表現,1,2,0.041666666666666664,11,0.22916666666666666,0.08333333333333333
658,交点,対応,1,2,0.041666666666666664,11,0.22916666666666666,0.08333333333333333
51,対応,相互,1,11,0.22916666666666666,2,0.041666666666666664,0.08333333333333333
140,変数,理解,1,3,0.0625,10,0.20833333333333334,0.08333333333333333
657,b,対応,1,2,0.041666666666666664,11,0.22916666666666666,0.08333333333333333
452,仕方,対応,1,2,0.041666666666666664,11,0.22916666666666666,0.08333333333333333
359,ax+by+c=0,対応,1,2,0.041666666666666664,11,0.22916666666666666,0.08333333333333333
574,y,直線,1,10,0.20833333333333334,3,0.0625,0.08333333333333333
61,一次関数,表,2,21,0.4375,6,0.125,0.08
950,グラフ,加熱,1,13,0.2708333333333333,1,0.020833333333333332,0.07692307692307693
425,特徴,関数関係,1,5,0.10416666666666667,9,0.1875,0.07692307692307693
262,y=ax+b,理解,1,4,0.08333333333333333,10,0.20833333333333334,0.07692307692307693
515,y=ax+b,変化,1,4,0.08333333333333333,10,0.20833333333333334,0.07692307692307693
412,グラフ,視覚,1,13,0.2708333333333333,1,0.020833333333333332,0.07692307692307693
1027,実験,理解,1,4,0.08333333333333333,10,0.20833333333333334,0.07692307692307693
956,グラフ,データ,1,13,0.2708333333333333,1,0.020833333333333332,0.07692307692307693
388,グラフ,座標平面,1,13,0.2708333333333333,1,0.020833333333333332,0.07692307692307693
152,事象,式,2,14,0.2916666666666667,14,0.2916666666666667,0.07692307692307693
174,具体,表,1,8,0.16666666666666666,6,0.125,0.07692307692307693
135,変数,表現,1,3,0.0625,11,0.22916666666666666,0.07692307692307693
188,変数,対応,1,3,0.0625,11,0.22916666666666666,0.07692307692307693
122,特徴,関係,1,5,0.10416666666666667,9,0.1875,0.07692307692307693
423,グラフ,自ら,1,13,0.2708333333333333,1,0.020833333333333332,0.07692307692307693
157,グラフ,変域,1,13,0.2708333333333333,1,0.020833333333333332,0.07692307692307693
822,変化,実験,1,10,0.20833333333333334,4,0.08333333333333333,0.07692307692307693
927,グラフ,熱量,1,13,0.2708333333333333,1,0.020833333333333332,0.07692307692307693
884,グラフ,一直線,1,13,0.2708333333333333,1,0.020833333333333332,0.07692307692307693
631,x=0,グラフ,1,1,0.020833333333333332,13,0.2708333333333333,0.07692307692307693
632,y軸,グラフ,1,1,0.020833333333333332,13,0.2708333333333333,0.07692307692307693
587,グラフ,傾き,1,13,0.2708333333333333,1,0.020833333333333332,0.07692307692307693
586,グラフ,負,1,13,0.2708333333333333,1,0.020833333333333332,0.07692307692307693
633,y座標,グラフ,1,1,0.020833333333333332,13,0.2708333333333333,0.07692307692307693
584,グラフ,増減,1,13,0.2708333333333333,1,0.020833333333333332,0.07692307692307693
582,グラフ,正,1,13,0.2708333333333333,1,0.020833333333333332,0.07692307692307693
832,予測,対応,1,3,0.0625,11,0.22916666666666666,0.07692307692307693
79,具体,関数,1,8,0.16666666666666666,6,0.125,0.07692307692307693
716,グラフ,選択,1,13,0.2708333333333333,1,0.020833333333333332,0.07692307692307693
917,グラフ,点,1,13,0.2708333333333333,1,0.020833333333333332,0.07692307692307693
717,グラフ,的確,1,13,0.2708333333333333,1,0.020833333333333332,0.07692307692307693
532,一次関数,値,2,21,0.4375,7,0.14583333333333334,0.07692307692307693
720,グラフ,解決,1,13,0.2708333333333333,1,0.020833333333333332,0.07692307692307693
855,グラフ,作成,1,13,0.2708333333333333,1,0.020833333333333332,0.07692307692307693
146,事象,変域,1,14,0.2916666666666667,1,0.020833333333333332,0.07142857142857142
875,一直線,事象,1,1,0.020833333333333332,14,0.2916666666666667,0.07142857142857142
852,グラフ,水,1,13,0.2708333333333333,2,0.041666666666666664,0.07142857142857142
678,事象,形式,1,14,0.2916666666666667,1,0.020833333333333332,0.07142857142857142
690,事象,存在,1,14,0.2916666666666667,1,0.020833333333333332,0.07142857142857142
434,表,関数関係,1,6,0.125,9,0.1875,0.07142857142857142
752,式,解決,1,14,0.2916666666666667,1,0.020833333333333332,0.07142857142857142
432,式,自ら,1,14,0.2916666666666667,1,0.020833333333333332,0.07142857142857142
634,b,グラフ,1,2,0.041666666666666664,13,0.2708333333333333,0.07142857142857142
368,変形,式,1,1,0.020833333333333332,14,0.2916666666666667,0.07142857142857142
763,事象,様子,1,14,0.2916666666666667,1,0.020833333333333332,0.07142857142857142
352,b≠0,式,1,1,0.020833333333333332,14,0.2916666666666667,0.07142857142857142
369,y=(1/2)x+3,式,1,1,0.020833333333333332,14,0.2916666666666667,0.07142857142857142
370,x-2y+6=0,式,1,1,0.020833333333333332,14,0.2916666666666667,0.07142857142857142
201,事象,同様,1,14,0.2916666666666667,1,0.020833333333333332,0.07142857142857142
225,一次関数,関数関係,2,21,0.4375,9,0.1875,0.07142857142857142
691,事象,日常,1,14,0.2916666666666667,1,0.020833333333333332,0.07142857142857142
195,表,関係,1,6,0.125,9,0.1875,0.07142857142857142
897,事象,点,1,14,0.2916666666666667,1,0.020833333333333332,0.07142857142857142
701,事象,意識,1,14,0.2916666666666667,1,0.020833333333333332,0.07142857142857142
336,式,条件,1,14,0.2916666666666667,1,0.020833333333333332,0.07142857142857142
839,実験,対応,1,4,0.08333333333333333,11,0.22916666666666666,0.07142857142857142
790,事象,観察,1,14,0.2916666666666667,1,0.020833333333333332,0.07142857142857142
945,グラフ,一定,1,13,0.2708333333333333,2,0.041666666666666664,0.07142857142857142
718,グラフ,目的,1,13,0.2708333333333333,2,0.041666666666666664,0.07142857142857142
974,式,温度,1,14,0.2916666666666667,1,0.020833333333333332,0.07142857142857142
123,反比例,表現,1,4,0.08333333333333333,11,0.22916666666666666,0.07142857142857142
111,関数,関数関係,1,6,0.125,9,0.1875,0.07142857142857142
955,グラフ,理想,1,13,0.2708333333333333,2,0.041666666666666664,0.07142857142857142
165,変域,式,1,1,0.020833333333333332,14,0.2916666666666667,0.07142857142857142
957,グラフ,単純,1,13,0.2708333333333333,2,0.041666666666666664,0.07142857142857142
777,事象,操作,1,14,0.2916666666666667,1,0.020833333333333332,0.07142857142857142
722,グラフ,大切,1,13,0.2708333333333333,2,0.041666666666666664,0.07142857142857142
721,グラフ,問題,1,13,0.2708333333333333,2,0.041666666666666664,0.07142857142857142
719,グラフ,適切,1,13,0.2708333333333333,2,0.041666666666666664,0.07142857142857142
261,定数,式,1,1,0.020833333333333332,14,0.2916666666666667,0.07142857142857142
217,入り口,式,1,1,0.020833333333333332,14,0.2916666666666667,0.07142857142857142
216,式,着目,1,14,0.2916666666666667,1,0.020833333333333332,0.07142857142857142
570,a,対応,1,4,0.08333333333333333,11,0.22916666666666666,0.07142857142857142
679,事象,計算,1,14,0.2916666666666667,1,0.020833333333333332,0.07142857142857142
981,式,説明,1,14,0.2916666666666667,1,0.020833333333333332,0.07142857142857142
898,事象,熱量,1,14,0.2916666666666667,1,0.020833333333333332,0.07142857142857142
730,式,選択,1,14,0.2916666666666667,1,0.020833333333333332,0.07142857142857142
686,事象,社会,1,14,0.2916666666666667,1,0.020833333333333332,0.07142857142857142
738,式,的確,1,14,0.2916666666666667,1,0.020833333333333332,0.07142857142857142
901,事象,加熱,1,14,0.2916666666666667,1,0.020833333333333332,0.07142857142857142
284,一般,式,1,1,0.020833333333333332,14,0.2916666666666667,0.07142857142857142
585,グラフ,判断,1,13,0.2708333333333333,2,0.041666666666666664,0.07142857142857142
902,データ,事象,1,1,0.020833333333333332,14,0.2916666666666667,0.07142857142857142
354,値,関数関係,1,7,0.14583333333333334,9,0.1875,0.06666666666666667
234,x,具体,1,8,0.16666666666666666,8,0.16666666666666666,0.06666666666666667
712,事象,対象,1,14,0.2916666666666667,2,0.041666666666666664,0.06666666666666667
748,式,適切,1,14,0.2916666666666667,2,0.041666666666666664,0.06666666666666667
806,事象,根拠,1,14,0.2916666666666667,2,0.041666666666666664,0.06666666666666667
314,値,関係,1,7,0.14583333333333334,9,0.1875,0.06666666666666667
743,式,目的,1,14,0.2916666666666667,2,0.041666666666666664,0.06666666666666667
695,事象,目的,1,14,0.2916666666666667,2,0.041666666666666664,0.06666666666666667
283,b,式,1,2,0.041666666666666664,14,0.2916666666666667,0.06666666666666667
340,対象,式,1,2,0.041666666666666664,14,0.2916666666666667,0.06666666666666667
710,事象,明確,1,14,0.2916666666666667,2,0.041666666666666664,0.06666666666666667
711,事象,問題,1,14,0.2916666666666667,2,0.041666666666666664,0.06666666666666667
149,事象,座標,1,14,0.2916666666666667,2,0.041666666666666664,0.06666666666666667
900,一定,事象,1,2,0.041666666666666664,14,0.2916666666666667,0.06666666666666667
758,大切,式,1,2,0.041666666666666664,14,0.2916666666666667,0.06666666666666667
662,事象,適切,1,14,0.2916666666666667,2,0.041666666666666664,0.06666666666666667
193,座標,式,1,2,0.041666666666666664,14,0.2916666666666667,0.06666666666666667
978,式,水,1,14,0.2916666666666667,2,0.041666666666666664,0.06666666666666667
562,変化の割合,理解,1,6,0.125,10,0.20833333333333334,0.06666666666666667
756,問題,式,1,2,0.041666666666666664,14,0.2916666666666667,0.06666666666666667
668,事象,大切,1,14,0.2916666666666667,2,0.041666666666666664,0.06666666666666667
899,事象,水温,1,14,0.2916666666666667,2,0.041666666666666664,0.06666666666666667
490,変化,変化の割合,1,10,0.20833333333333334,6,0.125,0.06666666666666667
965,式,根拠,1,14,0.2916666666666667,2,0.041666666666666664,0.06666666666666667
169,グラフ,変数,1,13,0.2708333333333333,3,0.0625,0.06666666666666667
1122,内角,考察,1,1,0.020833333333333332,16,0.3333333333333333,0.0625
798,考察,観察,1,16,0.3333333333333333,1,0.020833333333333332,0.0625
567,変化の割合,対応,1,6,0.125,11,0.22916666666666666,0.0625
817,予測,事象,1,3,0.0625,14,0.2916666666666667,0.0625
771,様子,考察,1,1,0.020833333333333332,16,0.3333333333333333,0.0625
561,係数,考察,1,1,0.020833333333333332,16,0.3333333333333333,0.0625
134,比例,表現,1,6,0.125,11,0.22916666666666666,0.0625
1071,内容,考察,1,1,0.020833333333333332,16,0.3333333333333333,0.0625
1109,多角形,考察,1,1,0.020833333333333332,16,0.3333333333333333,0.0625
785,操作,考察,1,1,0.020833333333333332,16,0.3333333333333333,0.0625
1119,図形,考察,1,1,0.020833333333333332,16,0.3333333333333333,0.0625
1121,和,考察,1,1,0.020833333333333332,16,0.3333333333333333,0.0625
1077,考察,違い,1,16,0.3333333333333333,1,0.020833333333333332,0.0625
235,x,数量,1,8,0.16666666666666666,9,0.1875,0.0625
161,変域,考察,1,1,0.020833333333333332,16,0.3333333333333333,0.0625
1120,n,考察,1,1,0.020833333333333332,16,0.3333333333333333,0.0625
1087,原因,考察,1,1,0.020833333333333332,16,0.3333333333333333,0.0625
1086,結果,考察,1,1,0.020833333333333332,16,0.3333333333333333,0.0625
1083,活動,考察,1,1,0.020833333333333332,16,0.3333333333333333,0.0625
969,式,時間,1,14,0.2916666666666667,3,0.0625,0.0625
583,a,グラフ,1,4,0.08333333333333333,13,0.2708333333333333,0.0625
580,y=ax+b,グラフ,1,4,0.08333333333333333,13,0.2708333333333333,0.0625
1123,考察,頂点,1,16,0.3333333333333333,1,0.020833333333333332,0.0625
1019,検討,考察,1,1,0.020833333333333332,16,0.3333333333333333,0.0625
531,値,変化,1,7,0.14583333333333334,10,0.20833333333333334,0.0625
148,事象,変数,1,14,0.2916666666666667,3,0.0625,0.0625
1099,三角形,考察,1,1,0.020833333333333332,16,0.3333333333333333,0.0625
859,作成,考察,1,1,0.020833333333333332,16,0.3333333333333333,0.0625
390,グラフ,二元一次方程式,1,13,0.2708333333333333,4,0.08333333333333333,0.0625
699,意識,考察,1,1,0.020833333333333332,16,0.3333333333333333,0.0625
1040,比較,考察,1,1,0.020833333333333332,16,0.3333333333333333,0.0625
674,変化の割合,表現,1,6,0.125,11,0.22916666666666666,0.0625
673,考察,計算,1,16,0.3333333333333333,1,0.020833333333333332,0.0625
672,形式,考察,1,1,0.020833333333333332,16,0.3333333333333333,0.0625
200,同様,考察,1,1,0.020833333333333332,16,0.3333333333333333,0.0625
323,条件,考察,1,1,0.020833333333333332,16,0.3333333333333333,0.0625
1006,手立て,考察,1,1,0.020833333333333332,16,0.3333333333333333,0.0625
427,考察,自ら,1,16,0.3333333333333333,1,0.020833333333333332,0.0625
992,お,考察,1,1,0.020833333333333332,16,0.3333333333333333,0.0625
896,事象,時間,1,14,0.2916666666666667,3,0.0625,0.0625
982,予測,式,1,3,0.0625,14,0.2916666666666667,0.0625
1124,n角形,考察,1,1,0.020833333333333332,16,0.3333333333333333,0.0625
1084,工夫,考察,1,1,0.020833333333333332,16,0.3333333333333333,0.0625
189,座標,考察,1,2,0.041666666666666664,16,0.3333333333333333,0.058823529411764705
845,理想,考察,1,2,0.041666666666666664,16,0.3333333333333333,0.058823529411764705
227,y,具体,1,10,0.20833333333333334,8,0.16666666666666666,0.058823529411764705
322,組,考察,1,2,0.041666666666666664,16,0.3333333333333333,0.058823529411764705
39,相互,考察,1,2,0.041666666666666664,16,0.3333333333333333,0.058823529411764705
660,考察,適切,1,16,0.3333333333333333,2,0.041666666666666664,0.058823529411764705
666,大切,考察,1,2,0.041666666666666664,16,0.3333333333333333,0.058823529411764705
858,水温,考察,1,2,0.041666666666666664,16,0.3333333333333333,0.058823529411764705
857,水,考察,1,2,0.041666666666666664,16,0.3333333333333333,0.058823529411764705
848,単純,考察,1,2,0.041666666666666664,16,0.3333333333333333,0.058823529411764705
693,目的,考察,1,2,0.041666666666666664,16,0.3333333333333333,0.058823529411764705
325,ax+by+c=0,考察,1,2,0.041666666666666664,16,0.3333333333333333,0.058823529411764705
549,x,理解,1,8,0.16666666666666666,10,0.20833333333333334,0.058823529411764705
705,明確,考察,1,2,0.041666666666666664,16,0.3333333333333333,0.058823529411764705
706,問題,考察,1,2,0.041666666666666664,16,0.3333333333333333,0.058823529411764705
279,a,式,1,4,0.08333333333333333,14,0.2916666666666667,0.058823529411764705
268,y=ax+b,式,1,4,0.08333333333333333,14,0.2916666666666667,0.058823529411764705
814,根拠,考察,1,2,0.041666666666666664,16,0.3333333333333333,0.058823529411764705
242,関係,関数関係,1,9,0.1875,9,0.1875,0.058823529411764705
560,増加,考察,1,2,0.041666666666666664,16,0.3333333333333333,0.058823529411764705
228,y,数量,1,10,0.20833333333333334,9,0.1875,0.05555555555555555
856,時間,考察,1,3,0.0625,16,0.3333333333333333,0.05555555555555555
116,事象,特徴,1,14,0.2916666666666667,5,0.10416666666666667,0.05555555555555555
90,数量,理解,1,9,0.1875,10,0.20833333333333334,0.05555555555555555
559,a,考察,1,4,0.08333333333333333,16,0.3333333333333333,0.05263157894736842
107,事象,関数,1,14,0.2916666666666667,6,0.125,0.05263157894736842
677,事象,変化の割合,1,14,0.2916666666666667,6,0.125,0.05263157894736842
326,二元一次方程式,考察,1,4,0.08333333333333333,16,0.3333333333333333,0.05263157894736842
150,事象,表,1,14,0.2916666666666667,6,0.125,0.05263157894736842
210,変化の割合,式,1,6,0.125,14,0.2916666666666667,0.05263157894736842
132,理解,表現,1,10,0.20833333333333334,11,0.22916666666666666,0.05
781,一次関数,操作,1,21,0.4375,1,0.020833333333333332,0.047619047619047616
0,一次関数,数学的活動,1,21,0.4375,1,0.020833333333333332,0.047619047619047616
203,一次関数,同様,1,21,0.4375,1,0.020833333333333332,0.047619047619047616
489,一次関数,割合,1,21,0.4375,1,0.020833333333333332,0.047619047619047616
208,一次関数,発展,1,21,0.4375,1,0.020833333333333332,0.047619047619047616
526,x2,一次関数,1,1,0.020833333333333332,21,0.4375,0.047619047619047616
530,x1,一次関数,1,1,0.020833333333333332,21,0.4375,0.047619047619047616
943,データ,一次関数,1,1,0.020833333333333332,21,0.4375,0.047619047619047616
942,一次関数,加熱,1,21,0.4375,1,0.020833333333333332,0.047619047619047616
924,一次関数,熱量,1,21,0.4375,1,0.020833333333333332,0.047619047619047616
914,一次関数,点,1,21,0.4375,1,0.020833333333333332,0.047619047619047616
1,一次関数,事項,1,21,0.4375,1,0.020833333333333332,0.047619047619047616
608,一次関数,正,1,21,0.4375,1,0.020833333333333332,0.047619047619047616
616,一次関数,増減,1,21,0.4375,1,0.020833333333333332,0.047619047619047616
621,一次関数,負,1,21,0.4375,1,0.020833333333333332,0.047619047619047616
622,一次関数,傾き,1,21,0.4375,1,0.020833333333333332,0.047619047619047616
881,一次関数,一直線,1,21,0.4375,1,0.020833333333333332,0.047619047619047616
794,一次関数,観察,1,21,0.4375,1,0.020833333333333332,0.047619047619047616
767,一次関数,様子,1,21,0.4375,1,0.020833333333333332,0.047619047619047616
509,y2,一次関数,1,1,0.020833333333333332,21,0.4375,0.047619047619047616
521,y1,一次関数,1,1,0.020833333333333332,21,0.4375,0.047619047619047616
377,x-2y+6=0,一次関数,1,1,0.020833333333333332,21,0.4375,0.047619047619047616
376,y=(1/2)x+3,一次関数,1,1,0.020833333333333332,21,0.4375,0.047619047619047616
973,一次関数,温度,1,21,0.4375,1,0.020833333333333332,0.047619047619047616
478,一次関数,増加量,1,21,0.4375,1,0.020833333333333332,0.047619047619047616
236,x,事象,1,8,0.16666666666666666,14,0.2916666666666667,0.047619047619047616
980,一次関数,説明,1,21,0.4375,1,0.020833333333333332,0.047619047619047616
258,一次関数,定数,1,21,0.4375,1,0.020833333333333332,0.047619047619047616
281,一次関数,一般,1,21,0.4375,1,0.020833333333333332,0.047619047619047616
290,一次関数,特別,1,21,0.4375,1,0.020833333333333332,0.047619047619047616
371,一次関数,変形,1,21,0.4375,1,0.020833333333333332,0.047619047619047616
280,b,一次関数,1,2,0.041666666666666664,21,0.4375,0.045454545454545456
620,一次関数,判断,1,21,0.4375,2,0.041666666666666664,0.045454545454545456
486,一次関数,明確,1,21,0.4375,2,0.041666666666666664,0.045454545454545456
482,一次関数,仕方,1,21,0.4375,2,0.041666666666666664,0.045454545454545456
932,一次関数,水温,1,21,0.4375,2,0.041666666666666664,0.045454545454545456
544,一次関数,意味,1,21,0.4375,2,0.041666666666666664,0.045454545454545456
941,一定,一次関数,1,2,0.041666666666666664,21,0.4375,0.045454545454545456
977,一次関数,水,1,21,0.4375,2,0.041666666666666664,0.045454545454545456
533,一次関数,変数,1,21,0.4375,3,0.0625,0.043478260869565216
229,y,事象,1,10,0.20833333333333334,14,0.2916666666666667,0.043478260869565216
378,一次関数,二元一次方程式,1,21,0.4375,4,0.08333333333333333,0.041666666666666664
224,一次関数,反比例,1,21,0.4375,4,0.08333333333333333,0.041666666666666664
491,一次関数,変化の割合,1,21,0.4375,6,0.125,0.038461538461538464
